unit,nominal
1,70.3002
1,69.6094
1,69.0202
1,67.7775
1,67.5744
1,68.2892
1,68.6644
1,68.8728
1,68.8467
1,68.6656
1,68.6288
1,68.7529
1,68.9573
1,69.1263
1,69.3372
1,69.5927
1,70.5174
1,70.1217
1,70.0414
1,70.3847
1,70.5991
1,70.8924
1,71.5763
1,72.8949
1,72.7923
1,73.6307
1,73.8645
1,74.2077
1,74.7638
1,74.7588
1,74.0432
1,74.8596
1,74.7087
1,75.4323
1,74.8932
1,75.2513
1,75.4729
1,75.4592
1,75.4728
1,75.4577
1,75.9028
1,75.9406
1,75.4609
1,75.1927
1,75.7457
1,76.4095
1,76.6044
1,77.2422
1,76.8373
1,76.9561
1,76.3072
1,76.4479
1,76.5662
1,76.5939
1,76.9781
1,77.0863
1,77.3233
1,77.951
1,79.3563
1,79.4961
1,80.6713
1,82.3988
1,81.7441
1,82.1799
1,82.0934
1,81.6758
1,81.5045
1,81.6279
1,81.6028
1,81.6549
1,81.6188
1,81.4863
1,81.2745
1,81.5499
1,81.6274
1,81.5601
1,80.5093
1,79.9609
1,79.3071
1,78.6139
1,76.8207
1,76.6929
1,75.8846
1,77.2041
1,79.1004
1,79.9798
1,80.7642
1,80.0366
1,79.9093
1,79.9379
1,80.1665
1,79.9669
1,79.9841
1,79.9667
1,80.0555
1,80.6872
1,80.9942
1,80.9657
1,80.8756
1,81.3294
1,81.2502
1,81.4581
1,82.093
1,82.6417
1,83.6405
1,84.3249
1,83.9611
1,83.6498
1,83.9866
1,84.2336
1,84.2467
1,83.6077
1,84.0793
1,84.6642
1,85.0504
1,85.6192
1,87.0341
1,88.3844
1,89.3255
1,89.545
1,90.338
1,92.5695
1,91.6879
1,91.4931
1,90.5045
1,90.6253
1,90.1757
1,90.119
1,90.4217
1,90.6906
1,91.2046
1,90.8545
1,90.3846
1,90.489
1,90.0945
1,90.0468
1,90.0225
1,90.9783
1,91.5923
1,91.7755
1,92.841
1,93.7792
1,94.8076
1,96.5668
1,96.0755
1,97.3999
1,97.2794
1,98.2066
1,101.0399
1,97.4217
1,96.7045
1,93.746
1,93.4047
1,94.1424
1,94.1185
1,94.4421
1,94.4007
1,94.7117
1,95.4717
1,95.707
1,95.9283
1,96.3344
1,96.3411
1,96.6199
1,97.5383
1,97.8439
1,98.1961
1,97.9241
1,96.5083
1,94.7035
1,95.9794
1,96.1609
1,96.6338
1,96.6472
1,96.2236
1,96.6172
1,96.0762
1,96.0419
1,96.1456
1,96.2378
1,96.5
1,97.0018
1,97.4147
1,98.4785
1,99.2677
1,99.4555
1,99.6762
1,100.4911
1,101.3598
1,99.9349
1,99.9808
1,96.9948
1,97.3075
1,97.2865
1,97.3458
1,97.3724
1,97.3074
1,95.9053
1,94.7081
1,93.5224
1,93.1507
1,93.5616
1,93.2174
1,93.2435
1,92.0226
1,93.2801
1,93.173
1,93.0351
1,92.4151
1,92.1973
1,91.9266
1,92.0535
1,92.1185
1,91.257
1,89.4565
1,88.9466
1,89.1237
1,88.4954
1,87.8701
1,88.1648
1,88.1206
1,88.8133
1,88.7045
1,88.6102
1,88.8841
1,88.5819
1,89.7619
1,90.6728
1,91.5823
1,92.7826
1,92.5654
1,91.6402
1,90.9846
1,90.2158
1,89.8926
1,89.6741
1,89.6966
1,90.4162
1,90.087
1,90.4056
1,91.7062
1,91.9389
1,91.969
1,91.7069
1,91.7051
1,90.3041
1,89.6883
1,90.404
1,89.3939
1,88.7818
1,88.1324
1,87.6772
1,87.6457
1,88.354
1,88.661
1,88.5896
1,87.9724
1,87.9199
1,88.2829
1,88.6562
1,89.5159
1,89.609
1,89.2887
1,89.6678
1,90.2299
1,90.6626
1,91.2434
1,90.6842
1,91.1514
1,91.2561
1,90.8901
1,91.0758
1,91.2057
1,91.4316
1,91.8237
1,92.5492
1,92.4102
1,92.349
1,92.4387
1,92.7519
1,92.6321
1,92.0425
1,91.8692
1,90.8423
1,91.3336
1,91.3534
1,91.1604
1,90.3412
1,90.7493
1,90.6252
1,90.8818
1,91.5449
1,91.6359
1,91.87
1,91.9829
1,92.2243
1,92.6861
1,91.9499
1,92.6118
1,92.7761
1,92.5745
1,92.5919
1,92.2628
1,92.366
1,92.2914
1,92.5254
1,92.3892
1,92.3058
1,92.4155
1,92.581
1,92.7463
1,93.2198
1,93.7196
1,93.4419
1,93.5891
1,94.0742
1,94.3242
1,94.0922
1,93.4409
1,93.2519
1,93.2918
1,92.5058
1,92.1314
1,92.0134
1,91.7791
1,92.0538
1,91.6918
1,91.3124
1,91.1231
1,91.8239
1,91.633
1,91.3591
1,91.2573
1,90.9239
1,90.9873
1,90.6537
1,90.4082
1,90.1887
1,90.2486
1,89.7026
1,88.6852
1,88.4375
1,89.2589
1,89.7869
1,90.1915
1,89.3755
1,88.7574
1,88.7436
1,88.7604
1,88.7606
1,88.9944
1,89.0214
1,88.208
1,89.0658
1,89.0499
1,87.0354
1,82.6282
1,85.4176
1,87.9595
1,87.373
1,87.277
1,87.8064
1,84.964
1,85.748
1,87.2972
1,87.9921
1,87.9506
1,88.1205
1,88.1348
1,88.1688
1,88.0031
1,87.8551
1,87.988
1,87.7427
1,87.8077
1,88.2824
1,88.0872
1,87.8754
1,88.0206
1,87.7805
1,87.299
1,86.5502
1,85.41
1,85.565
1,86.5554
1,86.33
1,86.1091
1,85.7833
1,85.7024
1,84.9471
1,85.1646
1,85.9543
1,86.5621
1,87.992
1,89.9475
1,92.6592
1,90.0055
1,88.796
1,88.9062
1,89.5428
1,90.6944
1,91.6862
1,91.2881
1,91.6012
1,91.7745
1,91.4807
1,91.4449
1,91.4548
1,91.1868
1,90.0013
1,88.6118
1,88.9288
1,89.7044
1,89.8225
1,90.3853
1,91.1127
1,91.2653
1,91.1096
1,90.9345
1,91.1423
1,91.4292
1,91.6712
1,92.6962
1,92.5848
1,92.92
1,92.8622
1,92.388
1,92.4074
1,92.7126
1,93.2221
1,93.3581
1,94.5054
1,95.0262
1,94.87
1,96.0649
1,96.1079
1,96.9483
1,97.2394
1,96.0686
1,96.1021
1,97.0121
1,97.2568
1,97.149
1,96.4172
1,96.0924
1,96.5918
1,96.6379
1,96.7402
1,96.6657
1,97.23
1,97.3261
1,97.053
1,97.0226
1,97.4402
1,97.5499
1,98.0562
1,98.2236
1,98.0726
1,97.8335
1,97.955
1,97.9559
1,98.3657
1,99.018
1,99.9971
1,99.943
1,100.0348
1,100.2192
1,100.6798
1,102.5761
1,103.7908
1,105.0604
1,108.0104
1,109.5782
1,107.7409
1,107.1758
1,106.1878
1,104.2361
1,103.3837
1,99.4215
1,99.3759
1,100.0324
1,103.2707
1,103.95
1,103.4305
1,102.9125
1,102.9979
1,102.7763
1,103.4207
1,102.3438
1,101.6143
1,99.8729
1,99.6125
1,99.2295
1,100.5281
1,101.6797
1,102.2911
1,101.9146
1,102.7081
1,103.438
1,102.8078
1,102.3762
1,102.4137
1,101.9579
1,99.9282
1,98.2804
1,99.0978
1,98.2636
1,97.132
1,97.9658
1,98.0126
1,98.0062
1,97.8107
1,99.9433
1,98.5336
1,98.0556
1,96.9104
1,97.2762
1,96.7821
1,95.8024
1,94.0485
1,91.0313
1,90.3099
1,91.4347
1,91.3398
1,90.4268
1,88.5103
1,88.1676
1,88.2065
1,86.6318
1,85.9279
1,87.6967
1,88.2568
1,89.2497
1,89.2448
1,89.7878
1,89.5724
1,89.1362
1,88.3872
1,86.5669
1,86.6204
1,86.619
1,85.5694
1,84.3059
1,81.5018
1,82.8487
1,84.3955
1,84.64
1,83.8737
1,84.193
1,84.2065
1,83.8347
1,83.6813
1,85.4963
1,84.8707
1,84.5522
1,84.383
1,84.2774
1,86.1891
1,85.4641
1,86.0923
1,85.0159
1,84.004
1,82.7671
1,82.3003
1,82.5892
1,82.02
1,81.1371
1,80.7597
1,81.462
1,82.3637
1,82.8559
1,82.6549
1,82.5467
1,81.5616
1,81.4933
1,81.9137
1,80.9644
1,80.8612
1,80.8883
1,80.55
1,80.2237
1,80.3134
1,80.7689
1,80.4137
1,80.3075
1,79.753
1,79.7357
1,79.7108
1,79.6588
1,79.6176
1,79.6037
1,78.497
1,78.6171
1,79.1285
1,78.8549
1,78.5025
1,79.1272
1,79.1703
1,79.1543
1,78.6003
1,79.0028
1,78.5067
1,78.7135
1,78.7174
1,78.4839
1,78.5016
1,78.2923
1,78.3892
1,78.1959
1,78.2117
1,78.4685
1,78.5284
1,78.4181
1,78.654
1,78.7831
1,78.8354
1,78.7185
1,78.1682
1,78.1727
1,77.9029
1,77.8855
1,78.3722
1,77.9584
1,77.9585
1,78.1856
1,78.3129
1,78.3274
1,78.0882
1,78.4477
1,78.8623
1,79.5527
1,79.5782
1,82.2197
1,81.8347
1,80.3163
1,80.3289
1,79.6736
1,80.049
1,80.1914
1,79.3847
1,79.7796
1,79.6677
1,79.8714
1,79.6032
1,79.7653
1,80.0224
1,80.4256
1,80.3466
1,80.1045
1,80.2548
1,80.7498
1,80.6842
1,80.5268
1,80.4421
1,80.2918
1,80.3316
1,80.4261
1,80.5947
1,80.8488
1,81.2977
1,81.5556
1,82.3397
1,83.2425
1,84.9211
1,85.6647
1,84.3798
1,83.0718
1,82.8359
1,82.9987
1,83.1725
1,83.5904
1,84.0186
1,83.3506
1,83.9914
1,83.6069
1,83.6118
1,82.8676
1,82.6084
1,81.4967
1,81.0085
1,81.8969
1,83.0
1,81.9349
1,81.5478
1,81.4103
1,81.1898
1,80.8548
1,79.9589
1,78.839
1,79.0839
1,80.9834
1,81.3582
1,81.3475
1,81.6549
1,81.269
1,80.9713
1,78.9848
1,79.8174
1,79.4715
1,80.5037
1,80.9756
1,80.8861
1,81.1885
1,81.3765
1,81.2257
1,81.0132
1,81.3562
1,81.2852
1,80.601
1,81.1276
1,81.1302
1,81.0547
1,80.9448
1,80.7321
1,79.0246
1,78.9202
1,78.9615
1,78.5941
1,78.2503
1,78.2284
1,77.7027
1,77.4631
1,77.9556
1,76.9708
1,76.0937
1,77.2733
1,76.8084
1,77.8998
1,79.3398
1,79.7296
1,79.4495
1,79.4302
1,80.3807
1,80.0301
1,80.722
1,79.3146
1,78.585
1,78.4368
1,77.8844
1,77.6923
1,77.4466
1,78.2267
1,78.7913
1,78.8527
1,78.5711
1,78.528
1,77.8332
1,77.7586
1,77.8247
1,77.5159
1,76.0382
1,75.9246
1,76.0101
1,76.5519
1,76.2662
1,76.0251
1,75.7327
1,77.0223
1,76.9817
1,76.9102
1,76.5523
1,77.054
1,77.6502
1,77.2091
1,77.4648
1,77.188
1,77.1944
1,76.6201
1,76.7389
1,76.1524
1,76.6405
1,76.7519
1,76.6342
1,76.4678
1,77.1218
1,77.2736
1,77.1734
1,77.6093
1,77.8009
1,78.19
1,79.15
1,78.7396
1,79.068
1,79.0671
1,80.2254
1,81.0517
1,81.9103
1,83.1259
1,84.8379
1,83.9982
1,81.8763
1,80.9604
1,80.7192
1,82.1314
1,81.1443
1,81.2955
1,81.2504
1,80.6234
1,80.3332
1,79.7293
1,78.7277
1,78.7496
1,78.3043
1,77.8366
1,76.9724
1,76.2489
1,75.8532
1,75.2346
1,76.0861
1,76.0535
1,75.237
1,74.5897
1,74.9995
1,74.8349
1,75.5273
1,74.8081
1,74.6947
1,74.8806
1,74.8014
1,75.4388
1,75.3448
1,75.2246
1,74.6209
1,74.2963
1,73.7878
1,73.342
1,73.1385
1,73.1275
1,72.3497
1,71.2926
1,70.9509
1,70.7902
1,71.209
1,71.546
1,71.668
1,70.9012
1,71.3715
1,71.0224
1,71.5532
1,72.5597
1,73.3436
1,74.2956
1,73.4689
1,73.2644
1,71.7318
1,71.7892
1,71.9077
1,72.4513
1,72.1388
1,72.7479
1,73.3591
1,73.439
1,73.765
1,74.62
1,74.7738
1,75.6347
1,77.0611
1,77.7539
1,78.2696
1,78.2652
1,77.9293
1,77.2264
1,77.9695
1,76.1258
1,76.4026
1,75.93
1,76.6647
1,76.6213
1,77.4912
1,77.9568
1,78.3181
1,78.3987
1,78.3159
1,78.554
1,78.4756
1,78.4049
1,78.0308
1,78.0172
1,78.698
1,79.357
1,79.8573
1,79.4637
1,80.0687
1,81.1291
1,80.9293
1,81.4077
1,82.1665
1,82.606
1,82.3742
1,82.9977
1,83.8058
1,84.5449
1,85.0136
1,85.1645
1,85.1293
1,83.355
1,82.9211
1,83.2878
1,84.4635
1,84.282
1,85.9541
1,85.6007
1,86.3793
1,86.753
