date,aluminium,copper,lead,nickel,zink,tin
2022-01-04,2815.5,9660.0,2327.0,20730,3602.0,39400
2022-01-05,2866.0,9778.0,2343.0,20900,3660.0,39700
2022-01-06,2912.5,9565.0,2291.0,20480,3590.0,39650
2022-01-07,2919.5,9615.0,2342.0,20725,3602.5,40650
2022-01-10,2923.0,9665.0,2303.0,21045,3576.5,40425
2022-01-11,2950.0,9662.0,2305.0,21680,3540.0,40700
2022-01-12,3003.0,9945.0,2344.5,22200,3582.0,41750
2022-01-13,2960.0,9972.0,2367.0,22130,3575.0,41850
2022-01-14,2977.5,9900.0,2383.0,22850,3560.0,40850
2022-01-17,3009.0,9674.5,2358.0,22475,3535.0,41500
2022-01-18,3006.0,9707.0,2357.0,22740,3544.0,42500
2022-01-19,3036.0,9801.0,2352.0,22795,3602.0,43050
2022-01-20,3109.5,9925.0,2370.0,23900,3674.0,44195
2022-01-21,3079.5,9970.0,2393.5,24000,3686.0,43900
2022-01-24,3044.5,9800.0,2372.0,23500,3642.0,43375
2022-01-25,3064.0,9744.0,2359.0,22535,3615.0,41700
2022-01-26,3093.0,9965.0,2366.0,23425,3645.0,42800
2022-01-27,3107.0,9872.0,2330.0,22860,3649.0,43145
2022-01-28,3110.0,9678.0,2302.0,22750,3644.0,42450
2022-01-31,3076.0,9620.0,2289.0,22800,3675.0,42550
2022-02-01,3072.0,9701.0,2250.0,23300,3635.0,43600
2022-02-02,3043.0,9880.0,2247.0,23400,3650.0,43750
2022-02-03,3058.5,9785.0,2229.0,23225,3618.0,43560
2022-02-04,3087.0,9875.0,2225.0,23475,3635.0,43375
2022-02-07,3148.0,9850.0,2199.0,23650,3623.0,43250
2022-02-08,3245.0,9760.0,2204.0,23530,3653.0,43375
2022-02-09,3248.0,9881.0,2234.0,23550,3633.5,43400
2022-02-10,3313.0,10220.5,2300.0,24055,3738.0,44445
2022-02-11,3200.0,10040.0,2289.0,23705,3673.0,44195
2022-02-14,3306.0,9882.0,2300.0,23650,3631.0,44000
2022-02-15,3223.0,10020.0,2310.0,23950,3613.0,43575
2022-02-16,3282.0,10045.5,2340.0,23905,3634.0,43785
2022-02-17,3294.0,10010.0,2351.0,24150,3621.0,43750
2022-02-18,3314.0,10015.0,2363.0,24500,3668.5,44150
2022-02-21,3315.0,9960.0,2343.5,24870,3600.0,44150
2022-02-22,3420.0,10020.0,2335.0,25650,3628.0,44700
2022-02-23,3323.5,10005.0,2347.5,24950,3615.5,44750
2022-02-24,3519.0,9983.0,2370.0,26105,3670.0,45795
2022-02-25,3355.5,9920.0,2359.0,24700,3640.0,45200
2022-02-28,3450.0,9974.0,2402.0,25240,3705.0,45550
2022-03-01,3495.5,9976.0,2413.0,25450,3737.0,46000
2022-03-02,3605.0,10257.5,2433.5,27000,3927.0,46150
2022-03-03,3728.5,10470.0,2424.5,28800,3985.0,46655
2022-03-04,3851.0,10466.0,2440.0,29800,4024.5,47325
2022-03-07,3984.5,10730.0,2513.0,42995,4248.0,48670
2022-03-08,3500.5,10171.0,2491.0,48201,4091.0,50050
2022-03-09,3532.0,10052.0,2401.0,48211,3940.0,48200
2022-03-10,3535.0,10144.0,2401.0,48241,3961.0,42800
2022-03-11,3472.0,10145.0,2361.0,48226,3835.0,44025
2022-03-14,3399.0,9880.0,2272.0,48211,3782.0,44100
2022-03-15,3217.5,9826.0,2230.0,48196,3771.0,42525
2022-03-16,3306.0,10100.5,2245.0,45795,3821.0,43100
2022-03-17,3288.0,10166.0,2235.0,42150,3805.0,41850
2022-03-18,3380.5,10249.0,2259.0,37115,3850.0,42450
2022-03-21,3518.0,10173.0,2248.0,31580,3896.0,41425
2022-03-22,3550.5,10342.0,2270.0,30800,3945.0,41550
2022-03-23,3560.0,10311.0,2336.5,32355,4018.0,42000
2022-03-24,3664.0,10421.0,2350.0,37200,4140.0,42425
2022-03-25,3583.0,10280.0,2346.0,35550,4073.0,42650
2022-03-28,3606.0,10227.0,2369.5,34050,4064.0,42925
2022-03-29,3583.0,10350.0,2394.0,33100,4101.0,42750
2022-03-30,3508.0,10390.5,2402.0,32750,4134.5,43900
2022-03-31,3503.0,10337.0,2433.0,33400,4260.0,44200
2022-04-01,3483.0,10247.0,2447.0,32800,4332.0,44500
2022-04-04,3444.0,10301.5,2435.0,33690,4471.0,45500
2022-04-05,3415.0,10426.0,2419.0,33750,4310.0,45400
2022-04-06,3443.5,10350.5,2389.0,33600,4306.0,45175
2022-04-07,3346.0,10292.0,2405.0,33500,4250.0,44300
2022-04-08,3395.0,10390.0,2425.0,34100,4280.0,44295
2022-04-11,3234.5,10235.5,2409.0,32925,4372.0,43325
2022-04-12,3214.5,10201.0,2418.0,32450,4345.0,43650
2022-04-13,3207.0,10290.5,2450.0,33000,4515.0,43450
2022-04-14,3237.5,10277.0,2471.0,33250,4472.0,43325
2022-04-19,3312.0,10381.0,2425.0,33700,4530.0,43600
2022-04-20,3240.0,10215.0,2425.0,33800,4510.0,43400
2022-04-21,3262.0,10268.0,2414.0,33775,4485.0,43275
2022-04-22,3244.0,10230.5,2400.0,33850,4515.0,42200
2022-04-25,3090.0,9919.0,2368.0,32650,4279.5,40475
2022-04-26,3102.5,9912.5,2359.0,32825,4315.0,41250
2022-04-27,3100.0,9910.0,2320.0,33300,4319.5,40790
2022-04-28,3065.5,9812.0,2280.0,33275,4230.5,40600
2022-04-29,3039.0,9820.5,2279.0,32430,4212.0,40800
2022-05-03,2911.5,9511.0,2268.0,30910,4045.0,41300
2022-05-04,2929.0,9474.0,2275.0,30385,3955.0,40700
2022-05-05,2917.0,9541.0,2305.0,30200,3993.0,40775
2022-05-06,2832.5,9428.0,2231.0,29930,3829.0,40585
2022-05-09,2708.0,9160.0,2129.0,28400,3655.0,38000
2022-05-10,2677.0,9350.0,2117.0,27760,3642.0,36700
2022-05-11,2737.0,9367.0,2107.0,27800,3660.0,35700
2022-05-12,2688.0,9018.5,2073.0,27600,3541.0,33875
2022-05-13,2723.0,9064.0,2064.0,27425,3500.0,34375
2022-05-16,2791.0,9270.0,2094.0,26105,3583.5,35000
2022-05-17,2836.0,9396.0,2102.0,26300,3687.0,34325
2022-05-18,2845.0,9264.5,2077.0,26180,3646.5,33925
2022-05-19,2826.0,9287.0,2033.0,26125,3647.5,33900
2022-05-20,2931.0,9477.0,2146.0,27950,3755.0,34705
2022-05-23,2963.0,9500.5,2167.0,26800,3777.0,34800
2022-05-24,2881.0,9460.5,2181.5,26280,3769.0,34200
2022-05-25,2829.5,9287.0,2121.5,26725,3750.0,34300
2022-05-26,2825.5,9359.0,2106.0,27550,3744.0,33725
2022-05-27,2823.0,9383.0,2091.5,27850,3815.0,34050
2022-05-30,2863.0,9520.5,2184.0,29975,3976.0,35000
2022-05-31,2816.5,9500.5,2176.0,28700,3978.0,34900
2022-06-01,2701.5,9455.0,2143.5,27710,3896.0,35250
2022-06-06,2742.0,9712.0,2181.0,29400,3913.0,35900
2022-06-07,2715.0,9612.0,2169.0,29050,3745.5,36200
2022-06-08,2765.5,9692.0,2225.0,28860,3822.0,37000
2022-06-09,2752.5,9630.0,2198.0,28055,3792.0,37200
2022-06-10,2695.0,9537.0,2151.0,27570,3755.0,36550
2022-06-13,2589.5,9290.0,2102.0,26390,3607.0,34500
2022-06-14,2588.0,9263.0,2075.0,25500,3661.0,31000
2022-06-15,2580.0,9257.0,2082.0,25650,3701.0,32850
2022-06-16,2500.5,9105.0,2067.0,25425,3636.0,32450
2022-06-17,2474.0,9101.0,2073.0,25435,3580.0,32600
2022-06-20,2462.0,8875.0,2046.0,25230,3572.0,31025
2022-06-21,2519.5,9000.0,2080.5,25540,3721.0,31560
2022-06-22,2455.5,8729.0,2040.0,24975,3699.5,29525
2022-06-23,2480.0,8578.0,1985.0,24110,3677.0,26850
2022-06-24,2436.0,8280.5,1896.0,22900,3540.0,25050
2022-06-27,2453.0,8353.0,1982.0,23200,3450.0,27500
2022-06-28,2500.0,8502.0,1989.5,23900,3449.5,28150
2022-06-29,2452.0,8446.0,1955.0,24750,3410.0,27325
2022-06-30,2397.0,8245.0,1907.0,23100,3251.5,27050
2022-07-01,2384.0,7975.5,1919.0,21650,3125.0,27000
2022-07-04,2431.5,8036.0,1947.0,22685,3170.0,27195
2022-07-05,2374.0,7807.0,1932.5,21925,3041.0,25700
2022-07-06,2358.0,7525.5,1981.5,22225,3060.0,25300
2022-07-07,2417.5,7835.0,2015.0,22025,3162.0,25625
2022-07-08,2399.5,7790.0,1948.0,21255,3151.0,25800
2022-07-11,2417.0,7623.0,1940.0,21500,3122.0,25800
2022-07-12,2358.0,7370.5,1945.0,21450,3137.0,25700
2022-07-13,2343.0,7267.0,1981.0,21700,3060.5,24900
2022-07-14,2329.0,7216.0,1891.0,20335,2972.0,25600
2022-07-15,2320.5,7000.0,1925.0,19100,2921.0,23600
2022-07-18,2377.5,7320.0,1994.0,20200,3032.0,24010
2022-07-19,2412.0,7281.5,1972.0,21350,3045.0,24900
2022-07-20,2456.5,7371.0,2032.0,21300,3090.0,25000
2022-07-21,2426.0,7231.5,1996.0,21200,3005.0,24475
2022-07-22,2460.0,7372.0,2005.0,21530,3045.0,24700
2022-07-25,2431.5,7448.0,2021.0,22550,3050.0,25200
2022-07-26,2437.0,7591.5,2004.0,22320,3140.0,25300
2022-07-27,2390.5,7552.0,2016.5,21300,3116.0,24150
2022-07-28,2458.0,7712.0,2013.0,21500,3246.0,24275
2022-07-29,2452.0,7800.5,2023.0,22050,3351.0,24405
2022-08-01,2469.5,7930.5,2057.0,24025,3405.5,25795
2022-08-02,2448.5,7819.0,2042.0,22825,3445.0,24700
2022-08-03,2403.0,7774.0,2021.0,22000,3355.0,24350
2022-08-04,2374.0,7642.0,2019.5,22035,3431.0,24600
2022-08-05,2447.5,7830.5,2092.0,22170,3550.0,24755
2022-08-08,2435.5,7835.0,2140.5,21725,3507.0,23100
2022-08-09,2488.0,7971.5,2183.0,21355,3577.0,24495
2022-08-10,2462.5,7976.0,2175.0,21330,3632.0,23850
2022-08-11,2498.0,8140.0,2185.5,23110,3727.0,24875
2022-08-12,2468.5,8065.0,2176.0,23225,3672.0,25010
2022-08-15,2389.5,7865.5,2175.0,21850,3621.0,24300
2022-08-16,2442.0,7992.0,2192.0,22500,3877.0,24995
2022-08-17,2414.0,7955.0,2141.0,22035,3635.5,24950
2022-08-18,2412.0,8020.0,2126.0,21850,3574.0,24550
2022-08-19,2376.0,8051.0,2070.0,21575,3532.0,24950
2022-08-22,2387.5,8041.0,2032.0,21810,3550.0,24500
2022-08-23,2438.5,8100.5,2005.0,21780,3520.0,24545
2022-08-24,2422.0,8031.5,1958.0,21350,3561.0,24455
2022-08-25,2442.5,8155.0,1997.0,21250,3622.0,24650
2022-08-26,2495.0,8315.0,1997.5,21510,3678.0,24450
2022-08-30,2406.5,7910.5,1979.0,21385,3592.0,23775
2022-08-31,2368.5,7721.0,1950.0,21255,3540.0,23600
2022-09-01,2306.0,7702.0,1915.0,20525,3300.0,21625
2022-09-02,2309.0,7587.0,1890.0,20200,3144.5,21700
2022-09-05,2290.5,7652.5,1882.0,21000,3265.0,21650
2022-09-06,2260.0,7707.0,1895.0,21355,3217.0,21750
2022-09-07,2230.5,7730.0,1895.0,21450,3171.0,20525
2022-09-08,2256.0,7906.0,1888.0,21400,3192.0,21700
2022-09-09,2280.0,7985.0,1918.0,22200,3222.5,21305
2022-09-12,2288.5,8026.0,1929.0,23325,3248.0,21550
2022-09-13,2309.5,8230.0,1956.0,24655,3319.5,22245
2022-09-14,2227.5,7865.0,1930.0,23755,3215.0,21350
2022-09-15,2272.0,7806.0,1936.0,23310,3225.0,20900
2022-09-16,2259.0,7792.0,1882.0,23500,3124.0,21185
2022-09-19,2232.0,7772.0,1882.0,24610,3145.0,20450
2022-09-20,2245.5,7796.0,1874.0,24750,3201.5,21200
2022-09-21,2191.0,7761.5,1847.0,24860,3132.0,21635
2022-09-22,2195.5,7815.0,1877.0,24525,3131.5,21745
2022-09-23,2153.0,7446.0,1802.0,23135,3035.0,21410
2022-09-26,2125.5,7449.0,1776.0,22150,2944.0,20595
2022-09-27,2106.0,7475.0,1754.0,21890,2938.0,20900
2022-09-28,2080.0,7353.0,1765.0,21225,2830.0,20900
2022-09-29,2261.0,7660.5,1856.0,22900,3015.0,20605
2022-09-30,2180.0,7647.0,1889.0,22290,2986.0,20750
2022-10-03,2164.0,7524.0,1865.5,21575,2956.0,20345
2022-10-04,2261.5,7596.0,1877.0,21300,2989.0,20255
2022-10-05,2289.0,7661.0,1965.5,22275,3028.0,20305
2022-10-06,2355.0,7744.0,2049.0,22350,3096.0,20250
2022-10-07,2342.0,7575.5,2078.0,22360,3061.5,20000
2022-10-10,2274.0,7655.0,2096.0,22100,3011.0,20155
2022-10-11,2218.5,7587.0,2030.0,22400,2966.0,20300
2022-10-12,2227.0,7625.5,2080.0,21750,2972.0,20005
2022-10-13,2374.0,7663.0,2079.0,21920,2955.5,20125
2022-10-14,2309.0,7688.0,2060.0,21910,2960.5,19975
2022-10-17,2240.0,7715.0,2077.0,21460,2905.0,19700
2022-10-18,2200.5,7536.0,2044.0,21500,2868.0,19425
2022-10-19,2169.0,7420.0,2007.0,21620,2890.0,19400
2022-10-20,2214.0,7585.5,1989.0,21825,2944.0,19025
2022-10-21,2155.5,7545.0,1930.0,21550,2990.5,18435
2022-10-24,2160.0,7661.0,1937.0,22170,3011.0,18350
2022-10-25,2170.5,7536.0,1893.0,22075,2920.0,18055
2022-10-26,2265.5,7762.5,1900.0,22255,2977.0,18650
2022-10-27,2297.0,7777.0,1885.0,22250,2985.0,18775
2022-10-28,2226.0,7663.5,1942.0,22255,2914.0,18300
2022-10-31,2197.0,7525.0,1966.0,21750,2755.0,17700
2022-11-01,2245.5,7745.0,2009.0,22705,2787.0,18125
2022-11-02,2227.0,7705.0,1978.0,23360,2765.0,18050
2022-11-03,2216.0,7510.0,1986.0,23060,2682.0,18100
2022-11-04,2306.0,7905.0,2022.0,23735,2849.0,18375
2022-11-07,2292.0,7954.5,2015.0,22950,2885.0,18825
2022-11-08,2327.0,7974.0,2030.0,23410,2901.5,19575
2022-11-09,2338.0,8035.0,2060.0,24095,2890.0,19875
2022-11-10,2272.0,8065.0,2065.0,24420,2832.0,19675
2022-11-11,2410.0,8441.0,2156.5,26025,3006.5,21150
2022-11-14,2392.0,8346.0,2175.0,27005,3076.0,21900
2022-11-15,2410.0,8343.0,2212.5,29600,3145.0,23795
2022-11-16,2393.0,8315.0,2209.0,28555,3087.0,24525
2022-11-17,2342.5,8155.0,2147.0,26070,3000.0,23400
2022-11-18,2369.0,8047.0,2175.0,24850,3007.5,21750
2022-11-21,2344.0,7900.5,2113.0,24450,2932.0,21650
2022-11-22,2394.0,7996.0,2095.5,25700,2904.5,21310
2022-11-23,2364.0,7962.0,2082.0,25900,2892.0,21995
2022-11-24,2344.0,7990.5,2128.0,26160,2912.0,22450
2022-11-25,2346.0,8070.0,2135.0,25600,2925.0,22450
2022-11-28,2315.5,7966.0,2107.0,25250,2912.0,22450
2022-11-29,2341.5,8035.5,2122.0,26255,2956.0,22600
2022-11-30,2387.0,8198.0,2164.0,26500,2974.0,22975
2022-12-01,2430.5,8216.5,2155.0,26950,3056.5,23105
2022-12-02,2448.5,8342.0,2171.0,27145,3066.5,23500
2022-12-05,2485.0,8440.0,2194.5,28365,3120.5,24475
2022-12-06,2461.0,8355.5,2210.0,28250,3187.0,24600
2022-12-07,2450.5,8334.0,2206.0,28725,3140.0,24475
2022-12-08,2468.5,8537.0,2199.0,31075,3242.0,24400
2022-12-09,2453.5,8490.5,2207.0,29850,3247.0,24700
2022-12-12,2390.0,8371.5,2190.0,29310,3284.0,23900
2022-12-13,2388.0,8381.0,2201.0,28800,3289.0,24300
2022-12-14,2379.5,8415.0,2147.0,27850,3277.0,24275
2022-12-15,2396.0,8383.0,2133.0,28625,3235.0,23650
2022-12-16,2354.0,8231.5,2156.0,28850,3127.0,23750
2022-12-19,2327.0,8331.0,2179.0,27525,3060.0,23300
2022-12-20,2329.5,8302.0,2175.0,28400,3075.0,23375
2022-12-21,2357.0,8327.0,2217.0,28175,3065.5,23875
2022-12-22,2362.0,8345.5,2277.0,28650,3008.0,23925
2022-12-23,2342.0,8308.5,2280.0,29600,2985.0,23950
2022-12-28,2343.0,8451.0,2303.0,30505,3056.0,24900
2022-12-29,2371.5,8395.0,2314.0,30000,3019.0,24725
2022-12-30,2360.5,8387.0,2335.0,30425,3025.0,24800
2023-01-03,2337.5,8390.0,2322.0,31200,3004.0,25050
2023-01-04,2250.0,8209.0,2331.0,29750,2977.0,25250
2023-01-05,2270.0,8420.0,2298.5,28775,3040.0,25100
2023-01-06,2242.5,8362.5,2235.0,27465,2994.0,25250
2023-01-09,2336.5,8722.0,2318.0,27485,3154.0,25600
2023-01-10,2397.0,8766.5,2208.0,27700,3193.0,25600
2023-01-11,2451.0,8987.0,2202.0,27575,3175.5,26600
2023-01-12,2447.0,9071.5,2155.0,26475,3215.0,27475
2023-01-13,2511.0,9107.0,2215.0,27175,3301.5,28530
2023-01-16,2603.0,9145.5,2288.0,27100,3352.0,28125
2023-01-17,2562.5,9114.0,2241.0,26750,3286.0,28100
2023-01-18,2636.0,9436.0,2218.0,27510,3415.0,28650
2023-01-19,2541.0,9190.0,2163.0,28175,3372.0,28650
2023-01-20,2585.5,9232.0,2142.0,28650,3445.0,29275
2023-01-23,2593.0,9340.5,2105.0,27650,3436.5,29900
2023-01-24,2594.5,9308.0,2063.0,28110,3420.5,29950
2023-01-25,2606.0,9258.0,2148.0,28755,3440.0,30325
2023-01-26,2598.0,9288.5,2199.0,28750,3488.0,31450
2023-01-27,2597.0,9345.5,2207.0,29065,3509.0,32050
2023-01-30,2577.0,9227.0,2171.0,29535,3450.0,29515
2023-01-31,2533.5,9075.0,2142.0,29400,3409.0,29250
2023-02-01,2611.0,9175.0,2145.0,30060,3439.5,29550
2023-02-02,2572.5,9114.0,2131.0,28735,3350.0,29250
2023-02-03,2560.0,9060.0,2113.5,29110,3361.0,28650
2023-02-06,2486.5,8891.5,2102.0,27450,3200.0,26805
2023-02-07,2472.5,8865.0,2069.0,26810,3137.0,27050
2023-02-08,2469.0,9006.0,2130.0,27300,3202.0,28050
2023-02-09,2424.5,8953.5,2130.0,27050,3180.0,27675
2023-02-10,2435.0,8905.0,2096.0,27710,3119.0,27550
2023-02-13,2382.5,8912.0,2089.0,26755,3042.0,27550
2023-02-14,2391.0,8931.5,2096.5,26900,3134.0,27125
2023-02-15,2367.0,8826.0,2062.5,25805,3067.0,26325
2023-02-16,2341.5,8892.0,2034.0,25860,3035.0,26700
2023-02-17,2335.0,8871.0,2048.0,25600,3037.0,26525
2023-02-20,2392.0,9015.0,2087.0,25955,3110.0,26100
2023-02-21,2430.5,9103.5,2156.0,26600,3170.0,26850
2023-02-22,2385.5,9121.0,2143.0,26225,3106.5,26850
2023-02-23,2368.5,9060.0,2089.5,25600,3087.0,26500
2023-02-24,2307.0,8807.0,2066.0,24850,3021.0,25925
2023-02-27,2314.0,8751.0,2107.0,24600,3034.5,25250
2023-02-28,2300.0,8844.0,2083.0,24820,3042.5,25110
2023-03-01,2364.0,9066.5,2138.0,25025,3091.5,25650
2023-03-02,2366.5,8896.0,2108.0,24160,3075.0,24850
2023-03-03,2361.5,8945.0,2138.0,24405,3090.0,24125
2023-03-06,2321.5,8819.0,2117.0,24450,3030.0,24350
2023-03-07,2312.5,8824.0,2088.0,23960,3012.0,24350
2023-03-08,2288.5,8810.0,2087.0,23500,2990.0,23495
2023-03-09,2291.0,8808.0,2076.0,23225,2967.5,23005
2023-03-10,2249.0,8755.0,2077.0,22675,2941.0,22500
2023-03-13,2236.5,8651.0,2063.0,22625,2905.0,22900
2023-03-14,2272.0,8905.0,2099.0,23255,2954.0,22550
2023-03-15,2246.0,8525.0,2079.0,22750,2864.5,22675
2023-03-16,2237.5,8535.0,2055.0,22650,2864.0,22225
2023-03-17,2232.0,8621.0,2067.5,23210,2933.0,22435
2023-03-20,2237.5,8677.0,2104.0,22675,2925.0,22800
2023-03-21,2235.0,8824.0,2130.0,22550,2897.0,23145
2023-03-22,2232.0,8880.5,2150.0,22300,2888.0,23300
2023-03-23,2265.0,8917.0,2146.5,21895,2894.0,23850
2023-03-24,2265.0,8927.0,2135.0,22795,2900.0,24375
2023-03-27,2298.0,8876.0,2125.0,23875,2914.0,25625
2023-03-28,2315.0,8934.0,2156.0,23600,2937.0,26050
2023-03-29,2366.0,9052.0,2182.0,24200,3035.0,26100
2023-03-30,2344.0,9038.5,2174.0,23185,2980.0,25900
2023-03-31,2336.5,8935.0,2145.0,23100,2906.5,26075
2023-04-03,2380.5,8966.0,2137.0,23560,2937.0,25900
2023-04-04,2341.5,8930.0,2122.0,22910,2893.0,25825
2023-04-05,2306.0,8780.0,2119.5,22710,2848.0,24675
2023-04-06,2300.5,8836.0,2128.0,22500,2810.5,24950
2023-04-11,2268.0,8837.5,2121.0,22850,2784.0,24050
2023-04-12,2258.5,8803.0,2142.0,22890,2751.0,23940
2023-04-13,2330.0,9001.5,2162.0,23210,2830.0,24795
2023-04-14,2356.0,9082.0,2185.0,24165,2902.0,24800
2023-04-17,2364.5,8985.0,2132.0,24455,2846.0,27225
2023-04-18,2401.0,8966.0,2159.0,24960,2855.0,27660
2023-04-19,2382.0,8875.0,2156.0,24465,2767.0,26750
2023-04-20,2410.0,8875.0,2184.0,25540,2755.5,27250
2023-04-21,2388.5,8816.0,2204.0,24335,2739.0,27000
2023-04-24,2354.5,8762.5,2164.0,24130,2670.0,26950
2023-04-25,2313.0,8521.0,2162.0,23865,2618.0,26270
2023-04-26,2339.5,8579.0,2123.0,23650,2614.5,25610
2023-04-27,2302.0,8465.5,2122.0,23655,2610.0,25950
2023-04-28,2342.0,8571.0,2162.0,23770,2680.0,26350
2023-05-02,2353.0,8573.0,2171.0,24235,2620.0,26800
2023-05-03,2330.0,8486.0,2145.0,25100,2609.0,27125
2023-05-04,2297.0,8539.0,2126.0,25100,2611.0,27000
2023-05-05,2277.5,8488.0,2104.0,23800,2630.0,26300
2023-05-09,2321.0,8583.0,2118.0,23930,2658.0,26325
2023-05-10,2276.0,8469.0,2122.5,23035,2612.0,26010
2023-05-11,2229.0,8267.0,2120.0,22250,2575.0,26075
2023-05-12,2230.5,8240.0,2094.0,22285,2516.0,25025
2023-05-15,2260.5,8287.0,2065.0,22200,2558.0,25700
2023-05-16,2235.5,8076.0,2060.0,21400,2473.5,24925
2023-05-17,2269.0,8176.0,2050.0,21320,2521.5,25150
2023-05-18,2312.0,8171.5,2049.5,21275,2482.0,25405
2023-05-19,2300.0,8222.0,2096.0,21465,2491.0,25550
2023-05-22,2262.0,8094.0,2095.0,21275,2433.0,25150
2023-05-23,2202.0,7961.0,2072.0,20760,2362.5,24300
2023-05-24,2234.0,7910.0,2057.0,20900,2306.0,24550
2023-05-25,2236.0,7922.0,2032.5,21125,2224.0,24725
2023-05-26,2242.0,8082.0,2059.0,21450,2320.0,25000
2023-05-30,2230.0,8122.0,2078.0,21235,2323.5,25705
2023-05-31,2255.0,8017.0,2035.5,20450,2228.0,25375
2023-06-01,2281.0,8210.5,1989.0,20850,2271.0,25575
2023-06-02,2263.5,8337.0,2010.0,21490,2302.0,26295
2023-06-05,2216.0,8265.0,2040.0,20610,2271.0,26000
2023-06-06,2172.0,8311.0,2035.0,21050,2290.0,26250
2023-06-07,2169.0,8352.0,2057.0,21005,2382.0,26050
2023-06-08,2187.5,8243.0,2029.5,21110,2371.0,25950
2023-06-09,2221.0,8368.0,2060.0,21390,2397.0,27075
2023-06-12,2188.0,8287.0,2090.0,21100,2356.5,26350
2023-06-13,2193.5,8421.5,2106.0,21250,2382.0,26625
2023-06-14,2200.0,8457.0,2147.0,22155,2450.0,27100
2023-06-15,2197.0,8479.0,2165.0,22725,2461.0,28900
2023-06-16,2224.5,8561.0,2174.0,23140,2485.0,28325
2023-06-19,2195.0,8542.0,2197.0,22465,2431.5,28600
2023-06-20,2184.5,8565.0,2185.0,21830,2375.0,28795
2023-06-21,2157.0,8490.0,2242.0,21350,2338.0,28595
2023-06-22,2190.5,8670.5,2222.0,21210,2442.5,28650
2023-06-23,2132.5,8490.0,2190.0,20895,2362.5,28195
2023-06-26,2116.0,8437.0,2159.0,20560,2331.5,26700
2023-06-27,2151.5,8367.0,2169.0,20335,2362.0,27650
2023-06-28,2141.5,8268.0,2130.5,19855,2348.0,27500
2023-06-29,2105.5,8165.5,2102.0,19745,2326.0,26900
2023-06-30,2096.5,8210.0,2105.0,20125,2363.0,27700
2023-07-03,2107.0,8355.0,2117.5,20160,2361.5,27700
2023-07-04,2102.5,8349.0,2115.0,20300,2370.0,28150
2023-07-05,2093.0,8251.0,2092.0,20175,2357.0,28050
2023-07-06,2103.5,8280.0,2059.0,21135,2365.0,29050
2023-07-07,2086.0,8299.0,2038.0,20370,2337.5,29050
2023-07-10,2096.0,8286.0,2066.0,20685,2341.5,28800
2023-07-11,2129.0,8371.0,2072.0,20460,2361.0,28750
2023-07-12,2147.5,8367.0,2077.0,20950,2360.0,28500
2023-07-13,2236.0,8585.0,2115.0,21150,2462.0,29450
2023-07-14,2225.0,8651.0,2114.0,21305,2413.0,29025
2023-07-17,2195.0,8460.5,2080.5,20710,2354.0,28800
2023-07-18,2169.5,8410.0,2094.0,20600,2348.0,28925
2023-07-19,2142.0,8354.0,2082.0,20700,2350.0,28350
2023-07-20,2172.0,8543.0,2082.0,21155,2402.0,29250
2023-07-21,2153.5,8422.0,2130.0,20810,2358.0,28900
2023-07-24,2155.0,8430.0,2136.5,20605,2366.0,28250
2023-07-25,2184.0,8597.0,2157.0,21350,2447.0,28875
2023-07-26,2170.5,8534.0,2140.0,21575,2455.0,28800
2023-07-27,2176.0,8578.5,2170.0,21395,2485.0,29450
2023-07-28,2161.5,8592.0,2157.0,21650,2485.0,28755
2023-07-31,2195.5,8635.5,2150.0,21625,2550.0,28900
2023-08-01,2217.0,8720.5,2152.0,22355,2554.0,27560
2023-08-02,2176.5,8545.0,2144.0,21700,2527.0,27250
2023-08-03,2147.0,8472.0,2139.5,21300,2462.5,27550
2023-08-04,2166.0,8450.5,2128.0,20980,2482.0,27925
2023-08-07,2178.0,8495.0,2143.0,21250,2500.0,27850
2023-08-08,2143.0,8276.0,2110.0,20650,2448.0,27550
2023-08-09,2153.0,8395.0,2119.0,20450,2500.0,27080
2023-08-10,2161.5,8423.5,2122.0,20225,2477.0,26775
2023-08-11,2127.0,8242.0,2118.0,20000,2415.5,25775
2023-08-14,2096.0,8242.0,2088.0,19825,2357.0,24975
2023-08-15,2085.5,8126.5,2099.0,19685,2313.0,24600
2023-08-16,2089.0,8132.0,2123.0,19850,2282.0,24730
2023-08-17,2131.0,8215.0,2144.0,19850,2312.0,25000
2023-08-18,2096.0,8176.0,2154.0,19925,2261.0,25050
2023-08-21,2068.5,8239.5,2168.0,20050,2270.5,24925
2023-08-22,2121.5,8342.0,2195.0,20215,2336.0,25900
2023-08-23,2129.0,8377.5,2190.0,20525,2328.5,25635
2023-08-24,2119.5,8358.5,2214.0,20400,2363.0,25750
2023-08-25,2124.0,8381.5,2178.0,20900,2375.5,25265
2023-08-29,2116.5,8375.0,2175.0,20355,2420.0,24800
2023-08-30,2140.5,8394.5,2221.0,20235,2425.5,24950
2023-08-31,2165.5,8359.5,2213.5,20225,2412.5,25000
2023-09-01,2184.0,8515.0,2306.0,20475,2457.0,25600
2023-09-04,2149.5,8406.0,2238.5,20550,2455.0,25560
2023-09-05,2136.5,8430.0,2274.0,20800,2456.0,26400
2023-09-06,2158.0,8395.0,2300.0,20550,2435.5,26100
2023-09-07,2135.0,8242.5,2287.0,20130,2428.5,25725
2023-09-08,2132.5,8225.0,2285.0,19905,2406.0,25335
2023-09-11,2154.0,8332.5,2314.0,20050,2437.5,25550
2023-09-12,2153.0,8337.5,2288.0,19830,2474.0,25205
2023-09-13,2156.5,8353.0,2260.0,19485,2453.5,25200
2023-09-14,2192.5,8423.0,2279.0,20255,2551.0,25650
2023-09-15,2155.5,8376.5,2281.0,19950,2532.5,25600
2023-09-18,2165.0,8320.0,2266.0,19745,2493.0,25550
2023-09-19,2174.5,8233.5,2236.0,19360,2476.5,25650
2023-09-20,2202.0,8277.0,2237.5,19635,2511.5,25800
2023-09-21,2166.5,8101.0,2204.0,18955,2475.0,25650
2023-09-22,2199.5,8188.0,2216.0,19050,2532.5,25325
2023-09-25,2182.5,8107.0,2240.0,18950,2504.0,26100
2023-09-26,2195.0,8066.0,2222.5,18675,2508.0,25625
2023-09-27,2196.0,8017.0,2185.5,18700,2464.0,25550
2023-09-28,2232.0,8112.0,2181.0,18650,2559.5,25355
2023-09-29,2307.5,8230.5,2209.0,18510,2640.5,24200
2023-10-02,2286.5,8100.5,2197.0,18510,2602.0,23900
2023-10-03,2257.0,7960.0,2141.0,18405,2511.5,24050
2023-10-04,2231.0,7910.5,2150.5,18600,2502.0,24000
2023-10-05,2195.5,7812.5,2141.5,18205,2455.0,24050
2023-10-06,2208.0,7887.0,2207.0,18280,2472.5,23965
2023-10-09,2193.0,8015.5,2176.5,18610,2474.5,24700
2023-10-10,2199.0,7907.5,2127.0,18260,2437.0,24500
2023-10-11,2179.0,7943.5,2132.0,18260,2440.5,24650
2023-10-12,2180.5,7995.0,2104.0,18435,2445.5,24900
2023-10-13,2176.0,7891.0,2067.0,18335,2424.0,25025
2023-10-16,2161.5,7920.0,2095.0,18460,2434.5,24725
2023-10-17,2148.5,7846.5,2085.0,18160,2377.0,24880
2023-10-18,2176.5,7947.5,2132.0,18470,2431.0,25450
2023-10-19,2150.5,7938.0,2117.0,18285,2408.0,25075
2023-10-20,2152.0,7876.0,2129.0,18350,2415.5,24405
2023-10-23,2144.5,7824.5,2171.0,18135,2404.0,24555
2023-10-24,2146.5,7900.5,2157.0,17800,2416.5,24835
2023-10-25,2188.5,7946.0,2134.0,18150,2458.0,24925
2023-10-26,2202.5,7939.0,2131.0,17900,2432.0,24750
2023-10-27,2170.5,7963.5,2141.0,18000,2445.5,24875
2023-10-30,2252.0,8110.0,2154.5,18180,2463.5,24825
2023-10-31,2235.0,8038.0,2110.5,17825,2432.5,24550
2023-11-01,2230.5,8041.0,2097.0,17750,2480.0,23550
2023-11-02,2218.0,8066.0,2100.0,17785,2513.5,23795
2023-11-03,2219.5,8070.5,2164.0,17810,2494.0,24150
2023-11-06,2254.0,8136.5,2166.5,17865,2559.5,24300
2023-11-07,2241.0,8068.0,2166.0,17585,2538.0,24275
2023-11-08,2258.5,8088.0,2201.0,17865,2604.5,24550
2023-11-09,2228.0,8030.5,2181.5,17650,2592.0,24640
2023-11-10,2205.5,8006.0,2190.0,17170,2584.0,24275
2023-11-13,2220.5,8014.5,2176.0,17000,2538.0,24750
2023-11-14,2194.0,8081.0,2159.5,17005,2539.0,24600
2023-11-15,2205.0,8169.0,2226.5,17155,2647.0,25100
2023-11-16,2182.5,8165.5,2268.5,16960,2573.0,25050
2023-11-17,2165.0,8141.0,2281.0,16780,2569.0,25000
2023-11-20,2192.0,8247.0,2285.0,16635,2563.0,24700
2023-11-21,2201.5,8324.0,2265.5,16560,2537.5,24750
2023-11-22,2194.5,8296.0,2238.5,16430,2500.0,24575
2023-11-23,2183.0,8307.5,2203.5,16280,2522.0,24200
2023-11-24,2179.0,8300.0,2189.0,15935,2544.5,24050
2023-11-27,2177.0,8281.0,2154.5,15885,2548.5,23550
2023-11-28,2164.5,8278.0,2128.0,16455,2530.0,22975
2023-11-29,2178.0,8384.0,2118.0,16660,2508.0,23120
2023-11-30,2157.5,8332.0,2112.0,16335,2478.0,22910
2023-12-01,2147.5,8456.0,2099.0,16655,2465.5,23250
2023-12-04,2148.5,8417.0,2088.0,16350,2471.0,23625
2023-12-05,2121.5,8259.0,2038.0,16060,2421.0,23750
2023-12-06,2117.5,8297.0,2007.0,16250,2432.0,24450
2023-12-07,2099.0,8221.0,1998.0,16000,2411.5,24400
2023-12-08,2111.0,8348.0,1995.0,16605,2409.0,24550
2023-12-11,2082.5,8275.5,1985.0,16305,2374.5,24260
2023-12-12,2090.5,8272.0,2044.0,16265,2437.0,24560
2023-12-13,2083.0,8205.0,2011.5,16100,2417.0,24555
2023-12-14,2137.0,8461.5,2034.5,16500,2507.0,25050
2023-12-15,2196.0,8471.0,2055.5,16740,2524.0,25225
2023-12-18,2213.0,8423.0,2052.0,16650,2549.5,24800
2023-12-19,2215.5,8439.0,2021.5,16460,2556.5,24750
2023-12-20,2192.0,8466.5,2045.0,16355,2561.5,24875
2023-12-21,2180.0,8460.0,2046.5,16670,2553.5,24775
2023-12-22,2234.5,8499.0,2040.0,16360,2576.0,25035
2023-12-27,2293.5,8511.5,2046.0,16355,2605.5,25075
2023-12-28,2313.5,8530.0,2054.0,16405,2620.0,25360
2023-12-29,2335.5,8476.0,2031.0,16300,2640.5,25175
2024-01-02,2336.5,8430.0,2033.0,16600,2607.0,25150
2024-01-03,2255.5,8381.0,2025.0,16210,2573.0,25050
2024-01-04,2235.5,8375.0,2012.0,16025,2531.0,24925
2024-01-05,2215.5,8346.5,2024.0,15705,2514.0,24200
2024-01-08,2205.5,8295.0,2030.0,15930,2486.0,24400
2024-01-09,2200.0,8301.5,2033.0,16150,2503.0,24300
2024-01-10,2204.0,8285.0,2050.5,15980,2491.0,24025
2024-01-11,2203.0,8332.0,2095.0,16250,2508.0,24300
2024-01-12,2175.0,8289.0,2058.0,16075,2480.0,24350
2024-01-15,2153.0,8238.5,2078.0,16200,2535.0,24550
2024-01-16,2158.5,8280.0,2086.0,15880,2518.5,24500
2024-01-17,2142.0,8230.0,2033.0,15765,2487.0,25025
2024-01-18,2130.5,8189.0,2030.0,15870,2440.5,25200
2024-01-19,2122.0,8275.0,2077.0,15935,2459.0,25550
2024-01-22,2110.0,8254.5,2087.0,15785,2438.5,25375
2024-01-23,2145.0,8283.5,2162.0,16010,2496.0,26000
2024-01-24,2207.5,8460.0,2175.5,16240,2564.5,26350
2024-01-25,2188.5,8486.0,2169.0,16360,2595.0,26450
2024-01-26,2212.0,8447.0,2149.0,16535,2582.0,26550
2024-01-29,2214.0,8421.0,2180.0,16285,2566.0,26350
2024-01-30,2226.5,8462.0,2165.0,16150,2546.0,26050
2024-01-31,2232.0,8513.0,2173.0,16070,2551.5,26000
2024-02-01,2212.5,8437.0,2162.0,15985,2478.0,25700
2024-02-02,2209.5,8400.0,2145.5,16125,2463.0,25475
2024-02-05,2183.5,8329.0,2132.0,15805,2419.0,24780
2024-02-06,2184.5,8280.0,2119.0,15620,2417.0,25075
2024-02-07,2195.5,8280.5,2119.0,15680,2401.0,25150
2024-02-08,2214.5,8202.0,2099.0,15755,2374.0,25600
2024-02-09,2180.5,8091.5,2050.0,15725,2322.0,25980
2024-02-12,2188.0,8085.5,2053.0,15755,2295.0,26650
2024-02-13,2204.0,8185.0,2017.0,15950,2297.0,27500
2024-02-14,2194.0,8133.5,2023.0,16115,2285.5,27265
2024-02-15,2205.0,8153.0,2057.0,16240,2321.5,27275
2024-02-16,2203.0,8322.0,2062.0,16090,2342.0,26950
2024-02-19,2185.0,8364.5,2044.5,16175,2343.0,26405
2024-02-20,2147.5,8366.5,2041.0,16135,2327.0,26250
2024-02-21,2211.5,8472.0,2082.0,16505,2360.0,26310
2024-02-22,2178.5,8482.0,2085.0,16985,2358.0,25975
2024-02-23,2157.0,8442.5,2097.0,17180,2348.5,26300
2024-02-26,2140.5,8373.0,2111.0,16985,2380.0,26100
2024-02-27,2146.0,8396.5,2113.0,17075,2398.0,26075
2024-02-28,2130.0,8340.5,2090.0,17140,2342.0,26100
2024-02-29,2163.0,8389.0,2067.0,17435,2382.0,26375
2024-03-01,2183.5,8394.0,2052.5,17175,2362.5,26150
2024-03-04,2182.5,8437.0,2028.0,17575,2393.0,26600
2024-03-05,2191.5,8429.5,2023.0,17600,2418.0,26500
2024-03-06,2187.5,8441.0,2060.0,17475,2446.0,27050
2024-03-07,2210.0,8559.0,2107.0,17660,2495.0,27550
2024-03-08,2209.0,8552.5,2125.0,17845,2501.5,27485
2024-03-11,2202.0,8522.0,2113.0,17910,2516.0,27450
2024-03-12,2213.5,8566.0,2134.0,18135,2535.0,27600
2024-03-13,2224.0,8727.0,2164.0,18165,2524.0,27625
2024-03-14,2205.0,8791.5,2142.0,17755,2519.5,28055
2024-03-15,2218.5,8906.5,2107.0,18000,2524.0,28410
2024-03-18,2224.5,8973.0,2094.0,17680,2515.5,28550
2024-03-19,2202.5,8875.0,2042.0,17500,2467.0,27805
2024-03-20,2231.5,8790.0,2015.5,17300,2462.0,26900
2024-03-21,2264.0,8873.5,2031.0,17430,2501.0,27700
2024-03-22,2246.5,8741.0,1992.5,17160,2449.0,27550
2024-03-25,2267.5,8745.0,1992.0,16865,2437.0,27525
2024-03-26,2275.5,8764.0,1982.5,16565,2425.0,27410
2024-03-27,2238.0,8696.0,1968.0,16330,2366.0,27355
2024-03-28,2270.0,8729.0,1965.0,16530,2391.0,27650
2024-04-02,2322.5,8920.0,2001.0,17000,2437.0,27845
2024-04-03,2334.0,8932.0,2023.0,16870,2430.0,28025
2024-04-04,2394.5,9257.0,2084.5,17230,2551.5,28450
2024-04-05,2391.0,9198.0,2091.0,17475,2587.5,28705
2024-04-08,2417.0,9301.0,2111.0,17700,2627.0,29395
2024-04-09,2403.0,9295.5,2119.5,17780,2660.0,30585
2024-04-10,2429.0,9365.0,2139.0,18585,2731.5,32925
2024-04-11,2410.5,9240.5,2127.5,17715,2712.0,31850
2024-04-12,2443.0,9402.0,2140.5,17780,2848.0,32975
2024-04-15,2520.5,9390.0,2142.0,17855,2772.0,32950
2024-04-16,2512.0,9377.0,2146.0,17625,2703.0,32200
2024-04-17,2581.0,9434.0,2116.0,17870,2788.5,32640
2024-04-18,2600.0,9617.0,2155.0,18210,2812.5,34025
2024-04-19,2645.5,9749.0,2160.0,19045,2833.0,35685
2024-04-22,2654.0,9814.5,2148.0,19015,2792.5,35250
2024-04-23,2585.0,9599.0,2111.0,18785,2745.0,32600
2024-04-24,2585.5,9671.0,2164.0,18985,2796.0,32085
2024-04-25,2586.5,9791.0,2186.0,18855,2861.5,32450
2024-04-26,2559.5,9869.0,2196.5,19180,2846.0,33125
2024-04-29,2536.5,9935.0,2177.5,19115,2882.0,32675
2024-04-30,2545.0,9973.5,2184.0,18975,2924.5,32300
2024-05-01,2554.5,9791.0,2155.5,18620,2835.0,31150
2024-05-02,2510.0,9660.0,2144.0,18405,2859.0,31375
2024-05-03,2517.0,9737.0,2156.0,18760,2891.0,32050
2024-05-07,2512.5,9847.0,2197.0,18755,2885.0,32575
2024-05-08,2488.0,9740.0,2187.0,18510,2860.0,32650
2024-05-09,2494.0,9728.0,2175.5,18625,2858.0,32400
2024-05-10,2515.0,9942.0,2192.5,18725,2913.0,32895
2024-05-13,2510.0,10009.0,2184.0,18910,2930.0,32675
2024-05-14,2477.5,10077.0,2201.0,18940,2935.5,33300
2024-05-15,2529.5,10221.0,2228.0,19050,2954.0,34100
2024-05-16,2538.5,10308.0,2227.5,19335,2936.0,33625
2024-05-17,2544.0,10398.0,2237.0,20735,2929.0,34190
2024-05-20,2568.0,10857.0,2283.5,21270,3047.0,34575
2024-05-21,2645.0,10775.0,2291.0,21275,3093.0,34105
2024-05-22,2625.0,10447.0,2290.0,20330,3030.0,33350
2024-05-23,2551.0,10290.5,2235.0,19800,3007.0,33125
2024-05-24,2599.0,10256.5,2248.5,19955,3012.5,33725
2024-05-28,2653.0,10331.0,2283.0,20065,3055.0,33950
2024-05-29,2695.0,10294.0,2260.0,20255,3060.0,33955
2024-05-30,2665.5,10016.5,2224.5,19770,2985.0,33150
2024-05-31,2677.0,9985.0,2246.0,19830,2994.5,33300
2024-06-03,2625.0,9985.5,2224.0,19325,2929.0,32600
2024-06-04,2603.0,9858.5,2205.0,18900,2869.0,32000
2024-06-05,2577.0,9769.0,2176.0,18340,2823.0,31375
2024-06-06,2587.0,9930.0,2188.0,18130,2842.5,31900
2024-06-07,2578.5,9840.0,2179.0,17950,2834.0,32105
2024-06-10,2515.5,9694.5,2128.0,17835,2759.0,31700
2024-06-11,2475.0,9567.0,2122.5,17650,2727.0,31750
2024-06-12,2476.0,9697.5,2108.0,17525,2765.0,32750
2024-06-13,2498.0,9733.0,2111.0,17550,2809.0,33150
2024-06-14,2465.5,9650.0,2109.0,17275,2732.0,32410
2024-06-17,2420.5,9477.0,2105.0,17080,2757.0,31800
2024-06-18,2427.5,9426.0,2107.0,16990,2732.0,31775
2024-06-19,2445.0,9652.0,2189.0,17025,2817.0,32150
2024-06-20,2461.0,9648.0,2138.0,17140,2811.5,32575
2024-06-21,2452.5,9563.0,2145.0,16935,2786.0,32650
2024-06-24,2454.5,9530.0,2147.0,16955,2799.0,32595
2024-06-25,2451.5,9492.0,2116.0,16855,2808.0,32645
2024-06-26,2444.0,9420.0,2159.0,16910,2861.0,31560
2024-06-27,2458.5,9422.5,2140.0,16835,2876.5,32085
2024-06-28,2485.5,9476.5,2160.0,16960,2919.5,33000
2024-07-01,2496.5,9517.0,2185.0,17220,2912.0,32840
2024-07-02,2489.5,9546.5,2198.0,17185,2873.0,32900
2024-07-03,2487.0,9623.0,2171.0,17110,2915.0,33100
2024-07-04,2493.5,9726.5,2172.0,16950,2948.0,33225
2024-07-06,2495.5,9809.0,2191.0,17175,2955.0,33595
2024-07-08,2475.5,9808.0,2207.5,17130,2926.0,34450
2024-07-09,2468.5,9762.0,2155.0,16980,2872.0,34325
2024-07-10,2432.0,9696.0,2136.0,16750,2870.0,34900
2024-07-11,2428.5,9693.5,2131.0,16630,2902.5,35600
2024-07-12,2422.0,9673.0,2129.0,16625,2870.0,33950
2024-07-15,2404.0,9679.5,2138.0,16420,2904.0,33600
2024-07-16,2377.0,9565.5,2134.0,16435,2861.0,32950
2024-07-17,2363.0,9533.0,2203.0,16370,2819.0,33300
2024-07-18,2335.0,9342.0,2153.0,16205,2737.0,31700
2024-07-19,2312.0,9214.0,2100.0,16105,2717.0,30695
2024-07-22,2259.0,9127.5,2050.5,15850,2660.5,30200
2024-07-23,2264.0,9052.5,2032.0,15765,2638.5,29050
2024-07-24,2266.0,9018.5,2033.0,15650,2653.0,30050
2024-07-25,2218.5,8917.0,2001.0,15470,2598.0,29080
2024-07-26,2229.0,9018.5,2031.0,15550,2609.0,29410
2024-07-29,2203.5,8906.0,2054.0,15585,2614.0,29155
2024-07-30,2161.5,8809.0,2001.0,15700,2570.5,28405
2024-07-31,2252.0,9014.5,2024.0,16255,2634.5,29610
2024-08-01,2228.5,8998.0,2047.0,15870,2621.5,29635
2024-08-02,2214.5,8977.0,2000.0,16155,2628.0,30200
2024-08-05,2167.0,8620.5,1917.0,15660,2522.0,28900
2024-08-06,2205.0,8715.0,1905.0,16095,2541.0,29400
2024-08-07,2202.5,8685.0,1918.0,16075,2516.0,29800
2024-08-08,2204.5,8649.0,1919.0,16000,2580.0,30125
2024-08-09,2263.0,8805.0,1990.0,16085,2697.0,31900
2024-08-12,2268.0,8851.0,2031.0,15930,2714.0,32010
2024-08-13,2256.5,8832.0,1971.0,15970,2637.0,31360
2024-08-14,2299.0,8906.0,1959.0,16035,2679.0,31410
2024-08-15,2301.0,9009.0,2005.0,16180,2711.0,31750
2024-08-16,2293.5,8938.0,1975.0,15905,2694.0,31560
2024-08-19,2369.5,9115.5,2004.0,16285,2745.5,32410
2024-08-20,2435.0,9152.0,2030.0,16600,2772.0,32650
2024-08-21,2443.0,9138.0,2052.0,16640,2797.5,32535
2024-08-22,2471.0,9061.0,2062.0,16330,2828.0,32755
2024-08-23,2499.0,9072.0,2086.0,16410,2841.5,32825
2024-08-27,2520.0,9247.5,2095.0,16835,2885.0,33085
2024-08-28,2479.5,9135.5,2045.0,16630,2813.0,32475
2024-08-29,2437.5,9116.0,2013.0,16735,2820.0,32545
2024-08-30,2463.5,9215.0,2026.5,16820,2862.0,32425
2024-09-02,2390.5,9034.0,2020.0,16445,2778.0,31300
2024-09-03,2382.0,8856.0,2006.0,16285,2750.0,30875
2024-09-04,2367.5,8830.5,1989.0,16030,2733.5,30200
2024-09-05,2366.0,8915.0,1977.0,15770,2687.5,30300
2024-09-06,2368.0,9013.0,1953.0,15830,2714.5,31500
2024-09-09,2318.0,8989.5,1915.0,15655,2682.0,31050
2024-09-10,2323.0,8935.0,1912.0,15610,2653.0,30750
2024-09-11,2354.5,9007.5,1960.0,15700,2727.0,31100
2024-09-12,2390.5,9115.5,1998.0,15875,2810.0,31400
2024-09-13,2405.0,9080.5,1991.0,15665,2798.5,31750
2024-09-16,2505.0,9216.0,2019.0,15950,2896.5,31895
2024-09-17,2505.5,9242.0,1983.0,15955,2884.0,31750
2024-09-18,2520.0,9289.0,1997.5,15975,2889.0,31600
2024-09-19,2523.0,9405.5,2046.0,16110,2892.0,31925
2024-09-20,2477.0,9395.0,2033.0,16175,2862.0,32150
2024-09-23,2455.0,9329.0,2011.5,16350,2839.0,32050
2024-09-24,2542.0,9602.0,2050.0,16430,2943.0,32500
2024-09-25,2512.0,9618.5,2044.0,16450,2957.5,32250
2024-09-26,2560.0,9844.0,2101.0,16555,3038.5,32400
2024-09-27,2609.5,9860.0,2078.0,16655,3045.5,32450
2024-09-30,2611.0,9767.0,2070.5,17005,3075.5,33325
2024-10-01,2635.0,9741.0,2075.5,17320,3108.5,33550
2024-10-02,2635.0,9882.5,2091.0,17730,3132.0,34275
2024-10-03,2638.0,9786.0,2092.0,17920,3134.5,33810
2024-10-04,2654.0,9784.0,2107.0,17600,3144.0,33805
2024-10-07,2655.5,9816.5,2110.5,17875,3154.0,34100
2024-10-08,2569.0,9619.0,2053.5,17420,3083.0,33175
2024-10-09,2530.0,9550.0,2021.0,17275,3001.0,32600
2024-10-10,2550.5,9507.0,2008.0,17150,3017.0,32560
2024-10-11,2645.0,9596.5,2047.0,17615,3108.0,33150
2024-10-14,2566.0,9516.0,2008.0,17335,3047.0,32500
2024-10-15,2522.0,9401.5,1994.0,17175,2998.0,31900
2024-10-16,2557.5,9489.0,2075.0,17070,3072.0,32500
2024-10-17,2524.5,9380.0,2038.0,16630,3008.0,31310
2024-10-18,2553.0,9472.5,2034.5,16780,3082.0,31500
2024-10-21,2582.5,9592.5,2035.0,16715,3123.0,31395
2024-10-22,2609.0,9490.5,2051.0,16310,3152.0,30895
2024-10-23,2625.0,9364.0,2019.0,15860,3165.5,31000
2024-10-24,2643.0,9413.0,2039.0,16035,3237.5,31250
2024-10-25,2600.5,9385.0,2021.0,15920,3078.0,31175
2024-10-28,2610.0,9402.0,1990.0,15810,3105.0,31350
2024-10-29,2617.5,9431.0,1965.0,15705,3162.0,31145
2024-10-30,2623.0,9356.0,1975.0,15725,3153.0,30850
2024-10-31,2617.5,9427.0,1977.0,15530,3102.0,31200
2024-11-01,2613.5,9425.0,2022.0,15840,3062.5,31475
2024-11-04,2581.0,9505.0,2000.5,15710,3029.0,32100
2024-11-05,2605.5,9587.5,2000.0,15965,3053.0,32050
2024-11-06,2549.5,9250.5,1979.0,15615,2955.5,31400
2024-11-07,2652.5,9386.0,2004.0,16260,3052.0,31605
2024-11-08,2600.5,9323.0,1997.0,16105,2967.0,31550
2024-11-11,2555.0,9251.0,1984.5,15910,2981.0,31750
2024-11-12,2530.0,9005.0,1981.0,15780,2917.5,29950
2024-11-13,2514.0,8969.0,1987.0,15555,2925.0,29800
2024-11-14,2504.0,8768.0,1937.0,15335,2903.0,29025
2024-11-15,2641.0,9055.0,1936.0,15500,3006.0,29175
2024-11-18,2563.0,8859.5,1921.0,15290,2927.0,28675
2024-11-19,2583.5,8919.5,1946.0,15630,2944.0,28625
2024-11-20,2654.5,9022.0,2006.0,15805,2967.5,29150
2024-11-21,2591.0,8945.5,1975.0,15705,2987.0,28825
2024-11-22,2589.0,8829.0,1985.0,15610,2965.0,28535
2024-11-25,2616.0,8918.0,2009.0,15810,3011.0,29010
2024-11-26,2590.5,8925.0,2000.0,15895,3083.0,28775
2024-11-27,2577.0,8897.5,2011.0,15675,3107.5,28060
2024-11-28,2564.0,8850.5,2033.0,15805,3045.0,27300
2024-11-29,2572.0,8879.0,2043.0,15745,3092.0,28300
2024-12-02,2564.5,8871.0,2040.0,15545,3085.5,28280
2024-12-03,2577.0,8941.0,2031.0,15720,3079.0,28450
2024-12-04,2583.0,8951.0,2054.0,15760,3077.0,28525
2024-12-05,2620.5,8967.0,2066.0,15775,3099.0,28860
2024-12-06,2555.0,9040.0,2071.5,15800,3062.0,28955
2024-12-09,2556.0,9104.0,2063.0,15710,3110.5,29050
2024-12-10,2553.0,9067.0,2037.0,15535,3105.5,29600
2024-12-11,2556.0,9077.0,2037.0,15580,3092.5,29625
2024-12-12,2555.0,9038.5,1990.0,15980,3061.0,29550
2024-12-13,2567.5,8989.0,1976.0,15810,3083.0,29305
2024-12-16,2543.0,8932.0,1976.5,15590,3062.0,29025
2024-12-17,2497.0,8851.5,1963.5,15380,3020.0,28950
2024-12-18,2483.5,8905.5,1952.5,15320,2988.0,29000
2024-12-19,2470.0,8795.5,1947.0,14965,2962.0,28205
2024-12-20,2483.0,8793.0,1946.0,14965,2958.0,28475
2024-12-23,2504.0,8838.0,1973.0,15200,2997.0,28725
2024-12-24,2541.5,8847.5,1963.5,15260,3022.5,28475
2024-12-27,2513.0,8843.0,1944.0,15085,2995.5,28700
2024-12-30,2529.5,8833.0,1928.0,15330,3026.0,28900
2024-12-31,2516.5,8706.0,1921.5,15100,2974.0,28900
2025-01-02,2536.0,8685.5,1915.0,15010,2926.5,28225
2025-01-03,2475.0,8701.0,1898.0,14770,2864.5,28625
2025-01-06,2480.0,8893.5,1918.0,15070,2879.0,29250
2025-01-07,2484.0,8886.0,1907.0,15120,2844.0,29550
2025-01-08,2474.0,8847.0,1920.0,15180,2798.0,30050
2025-01-09,2502.5,8960.5,1907.0,15185,2821.0,29945
2025-01-10,2560.5,8995.5,1949.0,15400,2856.5,29825
2025-01-13,2573.0,8980.0,1926.0,15560,2839.0,29605
2025-01-14,2554.5,9016.0,1914.5,15600,2831.0,29550
2025-01-15,2562.0,9020.0,1907.0,15630,2792.0,29125
2025-01-16,2628.0,9135.0,1930.0,15665,2824.0,29550
2025-01-17,2658.5,9132.0,1936.0,15840,2884.0,29400
2025-01-20,2675.0,9043.5,1948.5,15680,2891.0,29350
2025-01-21,2635.5,9067.0,1915.0,15850,2887.0,30200
2025-01-22,2611.0,9123.0,1943.0,15580,2851.5,30035
2025-01-23,2605.5,9056.0,1923.0,15510,2818.0,29850
2025-01-24,2640.0,9218.0,1926.0,15470,2821.5,30125
2025-01-27,2616.5,9051.0,1913.0,15505,2791.0,30000
2025-01-28,2572.0,8890.5,1897.0,15240,2746.5,29620
2025-01-29,2590.5,8881.0,1931.5,15230,2720.5,29775
2025-01-30,2617.0,8975.0,1935.0,15195,2756.0,30060
2025-01-31,2598.0,8949.5,1920.0,15040,2711.0,29885
2025-02-03,2584.0,8866.5,1907.0,14900,2699.0,29565
2025-02-04,2634.0,8993.0,1906.5,14895,2760.0,30175
2025-02-05,2610.0,9025.0,1954.0,15180,2718.5,30285
2025-02-06,2638.0,9165.0,1971.0,15525,2770.0,31100
2025-02-07,2639.5,9288.0,1981.0,15575,2816.0,31110
2025-02-10,2640.0,9287.5,1947.5,15400,2786.0,31200
2025-02-11,2647.0,9245.0,1950.0,15175,2763.0,30875
2025-02-12,2628.5,9277.5,1933.0,15200,2815.0,31575
2025-02-13,2627.0,9362.0,1948.0,15100,2811.0,31635
2025-02-14,2662.0,9812.0,1951.0,15360,2845.0,32575
2025-02-17,2660.0,9291.0,1967.0,15175,2803.0,32485
2025-02-18,2661.0,9295.0,1952.0,15135,2836.0,32850
2025-02-19,2709.5,9433.0,1940.0,15130,2851.0,32625
2025-02-20,2720.0,9514.5,1970.5,15405,2880.0,33055
2025-02-21,2702.0,9494.0,1956.0,15300,2859.0,33450
2025-02-24,2673.0,9490.0,1970.5,15335,2840.0,33700
2025-02-25,2669.0,9463.0,1955.0,15150,2778.5,33125
2025-02-26,2670.5,9504.0,1984.0,15450,2793.5,32995
2025-02-27,2655.0,9415.5,1981.0,15645,2801.5,31795
2025-02-28,2637.5,9363.5,1980.5,15460,2768.0,31350
2025-03-03,2624.0,9360.5,1972.0,15600,2806.5,31375
2025-03-04,2634.0,9395.0,1990.0,15760,2798.0,31810
2025-03-05,2653.0,9541.0,1995.0,15675,2827.0,31825
2025-03-06,2709.0,9654.0,2021.0,15990,2888.0,32050
2025-03-07,2693.0,9664.0,2005.0,16050,2850.5,32360
2025-03-10,2716.0,9547.0,2032.0,16420,2827.0,32600
2025-03-11,2725.0,9628.0,2029.0,16295,2875.0,32825
2025-03-12,2737.0,9766.0,2062.0,16460,2936.0,33425
2025-03-13,2694.0,9702.5,2050.0,16230,2906.0,33400
2025-03-14,2713.0,9759.0,2067.0,16450,2966.0,35635
2025-03-17,2715.0,9748.0,2075.0,16310,2948.5,35210
2025-03-18,2681.0,9834.0,2074.5,16060,2897.0,35310
2025-03-19,2687.0,9914.0,2081.0,16350,2915.5,35100
2025-03-20,2685.5,9911.5,2040.5,16010,2899.0,35200
2025-03-21,2652.0,9829.0,2020.0,15915,2906.5,34785
2025-03-24,2640.5,9978.0,2022.0,15895,2947.0,34625
2025-03-25,2608.0,9982.0,2044.5,15785,2947.5,34650
2025-03-26,2600.0,9884.0,2068.0,15975,2930.5,34810
2025-03-27,2557.0,9787.0,2046.0,16040,2892.0,35150
2025-03-28,2559.0,9795.0,2011.5,16160,2852.0,36500
2025-03-31,2518.5,9673.0,2002.0,15715,2829.0,35905
2025-04-01,2499.0,9652.0,1973.0,15850,2817.0,37200
2025-04-02,2480.0,9646.0,1949.5,15795,2774.0,38575
2025-04-03,2436.5,9397.0,1931.0,15650,2724.5,37195
2025-04-04,2355.5,8830.5,1892.0,15050,2648.5,36050
2025-04-07,2350.0,8825.0,1863.0,14360,2576.5,34700
2025-04-08,2366.0,8760.0,1857.0,14270,2612.0,33650
