date,Числовое значение,ДОЛЛАР США
2022-01-01,1,431.8
2022-01-02,1,431.8
2022-01-03,1,431.8
2022-01-04,1,431.8
2022-01-05,1,431.8
2022-01-06,1,431.81
2022-01-07,1,431.81
2022-01-08,1,431.81
2022-01-09,1,431.81
2022-01-10,1,431.81
2022-01-11,1,431.81
2022-01-12,1,431.81
2022-01-13,1,433.78
2022-01-14,1,433.69
2022-01-15,1,434.84
2022-01-16,1,434.84
2022-01-17,1,434.84
2022-01-18,1,434.58
2022-01-19,1,434.07
2022-01-20,1,434.48
2022-01-21,1,434.24
2022-01-22,1,435.1
2022-01-23,1,435.1
2022-01-24,1,435.1
2022-01-25,1,434.34
2022-01-26,1,435.2
2022-01-27,1,434.34
2022-01-28,1,434.38
2022-01-29,1,433.83
2022-01-30,1,433.83
2022-01-31,1,433.83
2022-02-01,1,433.5
2022-02-02,1,433.76
2022-02-03,1,434.11
2022-02-04,1,434.29
2022-02-05,1,432.93
2022-02-06,1,432.93
2022-02-07,1,432.93
2022-02-08,1,431.37
2022-02-09,1,428.5
2022-02-10,1,426.31
2022-02-11,1,425.76
2022-02-12,1,429.1
2022-02-13,1,429.1
2022-02-14,1,429.1
2022-02-15,1,431.38
2022-02-16,1,430.84
2022-02-17,1,427.84
2022-02-18,1,428.52
2022-02-19,1,428.32
2022-02-20,1,428.32
2022-02-21,1,428.32
2022-02-22,1,428.54
2022-02-23,1,433.39
2022-02-24,1,437.22
2022-02-25,1,465.99
2022-02-26,1,467.09
2022-02-27,1,467.09
2022-02-28,1,467.09
2022-03-01,1,495.0
2022-03-02,1,487.75
2022-03-03,1,490.43
2022-03-04,1,492.28
2022-03-05,1,499.2
2022-03-06,1,503.3
2022-03-07,1,503.3
2022-03-08,1,503.3
2022-03-09,1,503.3
2022-03-10,1,510.0
2022-03-11,1,509.8
2022-03-12,1,510.79
2022-03-13,1,510.79
2022-03-14,1,510.79
2022-03-15,1,511.71
2022-03-16,1,512.19
2022-03-17,1,508.94
2022-03-18,1,506.14
2022-03-19,1,505.22
2022-03-20,1,505.22
2022-03-21,1,505.22
2022-03-22,1,505.22
2022-03-23,1,505.22
2022-03-24,1,505.22
2022-03-25,1,495.43
2022-03-26,1,494.16
2022-03-27,1,494.16
2022-03-28,1,494.16
2022-03-29,1,484.49
2022-03-30,1,471.3
2022-03-31,1,458.2
2022-04-01,1,466.31
2022-04-02,1,472.56
2022-04-03,1,472.56
2022-04-04,1,472.56
2022-04-05,1,472.76
2022-04-06,1,462.91
2022-04-07,1,462.22
2022-04-08,1,458.87
2022-04-09,1,446.89
2022-04-10,1,446.89
2022-04-11,1,446.89
2022-04-12,1,449.53
2022-04-13,1,449.74
2022-04-14,1,450.17
2022-04-15,1,448.19
2022-04-16,1,454.27
2022-04-17,1,454.27
2022-04-18,1,454.27
2022-04-19,1,449.85
2022-04-20,1,443.57
2022-04-21,1,444.03
2022-04-22,1,444.04
2022-04-23,1,443.99
2022-04-24,1,443.99
2022-04-25,1,443.99
2022-04-26,1,448.26
2022-04-27,1,453.53
2022-04-28,1,449.55
2022-04-29,1,448.49
2022-04-30,1,446.38
2022-05-01,1,446.38
2022-05-02,1,446.38
2022-05-03,1,446.38
2022-05-04,1,441.64
2022-05-05,1,436.85
2022-05-06,1,427.8
2022-05-07,1,434.47
2022-05-08,1,434.47
2022-05-09,1,434.47
2022-05-10,1,434.47
2022-05-11,1,434.47
2022-05-12,1,442.61
2022-05-13,1,434.76
2022-05-14,1,427.84
2022-05-15,1,427.84
2022-05-16,1,427.84
2022-05-17,1,429.57
2022-05-18,1,432.79
2022-05-19,1,432.69
2022-05-20,1,431.41
2022-05-21,1,425.02
2022-05-22,1,425.02
2022-05-23,1,425.02
2022-05-24,1,424.84
2022-05-25,1,416.91
2022-05-26,1,415.12
2022-05-27,1,422.01
2022-05-28,1,433.3
2022-05-29,1,433.3
2022-05-30,1,433.3
2022-05-31,1,427.39
2022-06-01,1,414.67
2022-06-02,1,424.62
2022-06-03,1,432.78
2022-06-04,1,431.95
2022-06-05,1,431.95
2022-06-06,1,431.95
2022-06-07,1,431.88
2022-06-08,1,429.41
2022-06-09,1,433.45
2022-06-10,1,434.51
2022-06-11,1,435.76
2022-06-12,1,435.76
2022-06-13,1,435.76
2022-06-14,1,436.18
2022-06-15,1,435.92
2022-06-16,1,438.43
2022-06-17,1,442.17
2022-06-18,1,446.87
2022-06-19,1,446.87
2022-06-20,1,446.87
2022-06-21,1,443.26
2022-06-22,1,447.93
2022-06-23,1,454.11
2022-06-24,1,464.81
2022-06-25,1,470.9
2022-06-26,1,470.9
2022-06-27,1,470.9
2022-06-28,1,460.95
2022-06-29,1,456.05
2022-06-30,1,465.08
2022-07-01,1,470.34
2022-07-02,1,466.44
2022-07-03,1,466.44
2022-07-04,1,466.44
2022-07-05,1,464.16
2022-07-06,1,469.26
2022-07-07,1,469.26
2022-07-08,1,477.24
2022-07-09,1,474.92
2022-07-10,1,474.92
2022-07-11,1,474.92
2022-07-12,1,464.85
2022-07-13,1,473.38
2022-07-14,1,475.91
2022-07-15,1,478.39
2022-07-16,1,480.37
2022-07-17,1,480.37
2022-07-18,1,480.37
2022-07-19,1,484.18
2022-07-20,1,480.36
2022-07-21,1,481.2
2022-07-22,1,482.04
2022-07-23,1,483.88
2022-07-24,1,483.88
2022-07-25,1,483.88
2022-07-26,1,475.92
2022-07-27,1,479.83
2022-07-28,1,480.16
2022-07-29,1,478.78
2022-07-30,1,477.09
2022-07-31,1,477.09
2022-08-01,1,477.09
2022-08-02,1,479.51
2022-08-03,1,475.79
2022-08-04,1,476.27
2022-08-05,1,476.18
2022-08-06,1,477.98
2022-08-07,1,477.98
2022-08-08,1,477.98
2022-08-09,1,476.62
2022-08-10,1,478.39
2022-08-11,1,478.01
2022-08-12,1,477.67
2022-08-13,1,476.01
2022-08-14,1,476.01
2022-08-15,1,476.01
2022-08-16,1,476.18
2022-08-17,1,476.58
2022-08-18,1,476.2
2022-08-19,1,475.94
2022-08-20,1,476.43
2022-08-21,1,476.43
2022-08-22,1,476.43
2022-08-23,1,473.99
2022-08-24,1,470.45
2022-08-25,1,461.98
2022-08-26,1,465.05
2022-08-27,1,472.2
2022-08-28,1,468.1
2022-08-29,1,468.1
2022-08-30,1,468.1
2022-08-31,1,468.1
2022-09-01,1,472.21
2022-09-02,1,471.43
2022-09-03,1,472.47
2022-09-04,1,472.47
2022-09-05,1,472.47
2022-09-06,1,472.63
2022-09-07,1,472.47
2022-09-08,1,473.1
2022-09-09,1,477.46
2022-09-10,1,473.35
2022-09-11,1,473.35
2022-09-12,1,473.35
2022-09-13,1,471.99
2022-09-14,1,473.45
2022-09-15,1,473.91
2022-09-16,1,474.19
2022-09-17,1,477.12
2022-09-18,1,477.12
2022-09-19,1,477.12
2022-09-20,1,477.54
2022-09-21,1,478.26
2022-09-22,1,477.73
2022-09-23,1,481.29
2022-09-24,1,479.42
2022-09-25,1,479.42
2022-09-26,1,479.42
2022-09-27,1,477.37
2022-09-28,1,478.9
2022-09-29,1,479.39
2022-09-30,1,476.89
2022-10-01,1,476.71
2022-10-02,1,476.71
2022-10-03,1,476.71
2022-10-04,1,475.51
2022-10-05,1,472.68
2022-10-06,1,470.06
2022-10-07,1,468.75
2022-10-08,1,472.04
2022-10-09,1,472.04
2022-10-10,1,472.04
2022-10-11,1,473.38
2022-10-12,1,474.95
2022-10-13,1,477.89
2022-10-14,1,479.32
2022-10-15,1,476.89
2022-10-16,1,476.89
2022-10-17,1,476.89
2022-10-18,1,472.92
2022-10-19,1,472.88
2022-10-20,1,470.13
2022-10-21,1,468.27
2022-10-22,1,470.6
2022-10-23,1,472.93
2022-10-24,1,472.93
2022-10-25,1,472.93
2022-10-26,1,472.93
2022-10-27,1,471.32
2022-10-28,1,465.36
2022-10-29,1,467.0
2022-10-30,1,467.0
2022-10-31,1,467.0
2022-11-01,1,468.35
2022-11-02,1,466.22
2022-11-03,1,460.56
2022-11-04,1,463.6
2022-11-05,1,464.45
2022-11-06,1,464.45
2022-11-07,1,464.45
2022-11-08,1,464.4
2022-11-09,1,464.01
2022-11-10,1,465.58
2022-11-11,1,469.42
2022-11-12,1,462.01
2022-11-13,1,462.01
2022-11-14,1,462.01
2022-11-15,1,459.74
2022-11-16,1,460.99
2022-11-17,1,459.35
2022-11-18,1,459.05
2022-11-19,1,459.04
2022-11-20,1,459.04
2022-11-21,1,459.04
2022-11-22,1,463.55
2022-11-23,1,462.75
2022-11-24,1,462.65
2022-11-25,1,465.95
2022-11-26,1,465.38
2022-11-27,1,465.38
2022-11-28,1,465.38
2022-11-29,1,467.99
2022-11-30,1,468.43
2022-12-01,1,468.9
2022-12-02,1,468.45
2022-12-03,1,468.98
2022-12-04,1,468.98
2022-12-05,1,468.98
2022-12-06,1,469.17
2022-12-07,1,472.33
2022-12-08,1,473.54
2022-12-09,1,472.17
2022-12-10,1,472.14
2022-12-11,1,472.14
2022-12-12,1,472.14
2022-12-13,1,469.93
2022-12-14,1,469.35
2022-12-15,1,468.52
2022-12-16,1,468.56
2022-12-17,1,468.56
2022-12-18,1,468.56
2022-12-19,1,468.56
2022-12-20,1,468.24
2022-12-21,1,469.18
2022-12-22,1,470.28
2022-12-23,1,466.98
2022-12-24,1,461.97
2022-12-25,1,461.97
2022-12-26,1,461.97
2022-12-27,1,461.1
2022-12-28,1,460.62
2022-12-29,1,461.23
2022-12-30,1,460.98
2022-12-31,1,462.65
2023-01-01,1,462.65
2023-01-02,1,462.65
2023-01-03,1,462.65
2023-01-04,1,462.65
2023-01-05,1,465.39
2023-01-06,1,465.93
2023-01-07,1,463.31
2023-01-08,1,463.31
2023-01-09,1,463.31
2023-01-10,1,462.49
2023-01-11,1,461.84
2023-01-12,1,462.2
2023-01-13,1,462.58
2023-01-14,1,462.29
2023-01-15,1,462.29
2023-01-16,1,462.29
2023-01-17,1,462.69
2023-01-18,1,464.09
2023-01-19,1,464.34
2023-01-20,1,462.77
2023-01-21,1,462.55
2023-01-22,1,462.55
2023-01-23,1,462.55
2023-01-24,1,462.04
2023-01-25,1,461.88
2023-01-26,1,461.41
2023-01-27,1,461.37
2023-01-28,1,460.43
2023-01-29,1,460.43
2023-01-30,1,460.43
2023-01-31,1,459.92
2023-02-01,1,460.51
2023-02-02,1,460.87
2023-02-03,1,459.92
2023-02-04,1,458.69
2023-02-05,1,458.69
2023-02-06,1,458.69
2023-02-07,1,457.7
2023-02-08,1,456.98
2023-02-09,1,455.65
2023-02-10,1,452.39
2023-02-11,1,450.79
2023-02-12,1,450.79
2023-02-13,1,450.79
2023-02-14,1,452.43
2023-02-15,1,451.17
2023-02-16,1,447.29
2023-02-17,1,444.09
2023-02-18,1,444.23
2023-02-19,1,444.23
2023-02-20,1,444.23
2023-02-21,1,447.68
2023-02-22,1,445.65
2023-02-23,1,446.6
2023-02-24,1,449.22
2023-02-25,1,447.73
2023-02-26,1,447.73
2023-02-27,1,447.73
2023-02-28,1,449.14
2023-03-01,1,445.82
2023-03-02,1,442.11
2023-03-03,1,435.69
2023-03-04,1,431.08
2023-03-05,1,431.08
2023-03-06,1,431.08
2023-03-07,1,432.83
2023-03-08,1,438.57
2023-03-09,1,438.57
2023-03-10,1,441.12
2023-03-11,1,445.98
2023-03-12,1,445.98
2023-03-13,1,445.98
2023-03-14,1,456.66
2023-03-15,1,458.22
2023-03-16,1,464.79
2023-03-17,1,466.15
2023-03-18,1,460.79
2023-03-19,1,460.79
2023-03-20,1,460.79
2023-03-21,1,462.36
2023-03-22,1,462.36
2023-03-23,1,462.36
2023-03-24,1,462.36
2023-03-25,1,457.29
2023-03-26,1,457.29
2023-03-27,1,457.29
2023-03-28,1,458.87
2023-03-29,1,455.0
2023-03-30,1,448.39
2023-03-31,1,448.05
2023-04-01,1,451.71
2023-04-02,1,451.71
2023-04-03,1,451.71
2023-04-04,1,450.83
2023-04-05,1,449.39
2023-04-06,1,446.79
2023-04-07,1,447.31
2023-04-08,1,445.01
2023-04-09,1,445.01
2023-04-10,1,445.01
2023-04-11,1,444.29
2023-04-12,1,448.82
2023-04-13,1,452.97
2023-04-14,1,449.86
2023-04-15,1,450.25
2023-04-16,1,450.25
2023-04-17,1,450.25
2023-04-18,1,448.41
2023-04-19,1,451.0
2023-04-20,1,455.07
2023-04-21,1,455.63
2023-04-22,1,457.68
2023-04-23,1,457.68
2023-04-24,1,457.68
2023-04-25,1,456.34
2023-04-26,1,455.04
2023-04-27,1,453.93
2023-04-28,1,456.21
2023-04-29,1,453.39
2023-04-30,1,453.39
2023-05-01,1,453.39
2023-05-02,1,453.39
2023-05-03,1,449.15
2023-05-04,1,442.52
2023-05-05,1,445.29
2023-05-06,1,445.28
2023-05-07,1,445.28
2023-05-08,1,445.28
2023-05-09,1,445.28
2023-05-10,1,445.28
2023-05-11,1,444.16
2023-05-12,1,444.22
2023-05-13,1,445.99
2023-05-14,1,445.99
2023-05-15,1,445.99
2023-05-16,1,450.48
2023-05-17,1,449.13
2023-05-18,1,449.69
2023-05-19,1,449.19
2023-05-20,1,448.31
2023-05-21,1,448.31
2023-05-22,1,448.31
2023-05-23,1,445.12
2023-05-24,1,441.74
2023-05-25,1,444.44
2023-05-26,1,446.65
2023-05-27,1,445.68
2023-05-28,1,445.68
2023-05-29,1,445.68
2023-05-30,1,444.45
2023-05-31,1,447.08
2023-06-01,1,448.13
2023-06-02,1,448.72
2023-06-03,1,447.9
2023-06-04,1,447.9
2023-06-05,1,447.9
2023-06-06,1,448.71
2023-06-07,1,447.71
2023-06-08,1,446.65
2023-06-09,1,444.85
2023-06-10,1,445.62
2023-06-11,1,445.62
2023-06-12,1,445.62
2023-06-13,1,447.32
2023-06-14,1,448.62
2023-06-15,1,450.16
2023-06-16,1,451.82
2023-06-17,1,450.99
2023-06-18,1,450.99
2023-06-19,1,450.99
2023-06-20,1,447.15
2023-06-21,1,448.3
2023-06-22,1,447.4
2023-06-23,1,447.62
2023-06-24,1,447.05
2023-06-25,1,447.05
2023-06-26,1,447.05
2023-06-27,1,450.06
2023-06-28,1,450.36
2023-06-29,1,450.36
2023-06-30,1,454.13
2023-07-01,1,452.51
2023-07-02,1,449.33
2023-07-03,1,449.33
2023-07-04,1,448.13
2023-07-05,1,446.79
2023-07-06,1,443.84
2023-07-07,1,443.84
2023-07-08,1,443.84
2023-07-09,1,443.84
2023-07-10,1,443.84
2023-07-11,1,444.89
2023-07-12,1,441.11
2023-07-13,1,440.55
2023-07-14,1,443.4
2023-07-15,1,446.48
2023-07-16,1,446.48
2023-07-17,1,446.48
2023-07-18,1,446.34
2023-07-19,1,444.15
2023-07-20,1,442.68
2023-07-21,1,443.99
2023-07-22,1,444.81
2023-07-23,1,444.81
2023-07-24,1,444.81
2023-07-25,1,445.24
2023-07-26,1,445.06
2023-07-27,1,444.29
2023-07-28,1,444.72
2023-07-29,1,445.68
2023-07-30,1,445.68
2023-07-31,1,445.68
2023-08-01,1,446.07
2023-08-02,1,445.04
2023-08-03,1,443.66
2023-08-04,1,445.01
2023-08-05,1,445.29
2023-08-06,1,445.29
2023-08-07,1,445.29
2023-08-08,1,446.36
2023-08-09,1,445.88
2023-08-10,1,446.32
2023-08-11,1,445.03
2023-08-12,1,445.81
2023-08-13,1,445.81
2023-08-14,1,445.81
2023-08-15,1,448.55
2023-08-16,1,449.17
2023-08-17,1,454.3
2023-08-18,1,463.19
2023-08-19,1,461.71
2023-08-20,1,461.71
2023-08-21,1,461.71
2023-08-22,1,452.34
2023-08-23,1,453.13
2023-08-24,1,458.13
2023-08-25,1,462.04
2023-08-26,1,460.17
2023-08-27,1,460.17
2023-08-28,1,460.17
2023-08-29,1,464.05
2023-08-30,1,461.44
2023-08-31,1,461.44
2023-09-01,1,459.69
2023-09-02,1,456.39
2023-09-03,1,456.39
2023-09-04,1,456.39
2023-09-05,1,459.52
2023-09-06,1,459.97
2023-09-07,1,461.41
2023-09-08,1,464.48
2023-09-09,1,466.29
2023-09-10,1,466.29
2023-09-11,1,466.29
2023-09-12,1,462.88
2023-09-13,1,460.5
2023-09-14,1,463.98
2023-09-15,1,466.18
2023-09-16,1,467.29
2023-09-17,1,467.29
2023-09-18,1,467.29
2023-09-19,1,469.31
2023-09-20,1,471.45
2023-09-21,1,473.22
2023-09-22,1,475.96
2023-09-23,1,475.25
2023-09-24,1,475.25
2023-09-25,1,475.25
2023-09-26,1,473.98
2023-09-27,1,476.89
2023-09-28,1,482.77
2023-09-29,1,477.57
2023-09-30,1,474.47
2023-10-01,1,474.47
2023-10-02,1,474.47
2023-10-03,1,478.35
2023-10-04,1,477.25
2023-10-05,1,476.59
2023-10-06,1,477.44
2023-10-07,1,478.43
2023-10-08,1,478.43
2023-10-09,1,478.43
2023-10-10,1,477.02
2023-10-11,1,477.21
2023-10-12,1,476.78
2023-10-13,1,475.78
2023-10-14,1,476.98
2023-10-15,1,476.98
2023-10-16,1,476.98
2023-10-17,1,476.64
2023-10-18,1,477.12
2023-10-19,1,477.99
2023-10-20,1,479.4
2023-10-21,1,479.06
2023-10-22,1,479.06
2023-10-23,1,479.06
2023-10-24,1,478.77
2023-10-25,1,475.86
2023-10-26,1,475.86
2023-10-27,1,476.28
2023-10-28,1,470.3
2023-10-29,1,470.3
2023-10-30,1,470.3
2023-10-31,1,471.87
2023-11-01,1,469.67
2023-11-02,1,470.09
2023-11-03,1,468.13
2023-11-04,1,465.14
2023-11-05,1,465.14
2023-11-06,1,465.14
2023-11-07,1,462.46
2023-11-08,1,464.49
2023-11-09,1,466.79
2023-11-10,1,468.05
2023-11-11,1,467.9
2023-11-12,1,467.9
2023-11-13,1,467.9
2023-11-14,1,465.89
2023-11-15,1,463.65
2023-11-16,1,461.53
2023-11-17,1,461.55
2023-11-18,1,462.79
2023-11-19,1,462.79
2023-11-20,1,462.79
2023-11-21,1,462.56
2023-11-22,1,459.04
2023-11-23,1,456.83
2023-11-24,1,461.17
2023-11-25,1,463.09
2023-11-26,1,463.09
2023-11-27,1,463.09
2023-11-28,1,459.37
2023-11-29,1,459.04
2023-11-30,1,459.06
2023-12-01,1,458.04
2023-12-02,1,460.15
2023-12-03,1,460.15
2023-12-04,1,460.15
2023-12-05,1,461.33
2023-12-06,1,461.05
2023-12-07,1,459.46
2023-12-08,1,459.91
2023-12-09,1,457.61
2023-12-10,1,457.61
2023-12-11,1,457.61
2023-12-12,1,458.49
2023-12-13,1,456.52
2023-12-14,1,455.69
2023-12-15,1,455.63
2023-12-16,1,457.44
2023-12-17,1,457.44
2023-12-18,1,457.44
2023-12-19,1,457.44
2023-12-20,1,458.0
2023-12-21,1,456.18
2023-12-22,1,456.99
2023-12-23,1,459.69
2023-12-24,1,459.69
2023-12-25,1,459.69
2023-12-26,1,457.63
2023-12-27,1,456.22
2023-12-28,1,455.5
2023-12-29,1,453.64
2023-12-30,1,454.56
2023-12-31,1,454.56
2024-01-01,1,454.56
2024-01-02,1,454.56
2024-01-03,1,454.56
2024-01-04,1,457.06
2024-01-05,1,456.09
2024-01-06,1,453.43
2024-01-07,1,453.43
2024-01-08,1,453.43
2024-01-09,1,453.4
2024-01-10,1,453.19
2024-01-11,1,453.34
2024-01-12,1,453.12
2024-01-13,1,451.33
2024-01-14,1,451.33
2024-01-15,1,451.33
2024-01-16,1,451.37
2024-01-17,1,451.25
2024-01-18,1,452.95
2024-01-19,1,451.8
2024-01-20,1,450.04
2024-01-21,1,450.04
2024-01-22,1,450.04
2024-01-23,1,448.61
2024-01-24,1,446.03
2024-01-25,1,445.43
2024-01-26,1,446.03
2024-01-27,1,449.74
2024-01-28,1,449.74
2024-01-29,1,449.74
2024-01-30,1,449.98
2024-01-31,1,448.17
2024-02-01,1,447.74
2024-02-02,1,449.64
2024-02-03,1,451.24
2024-02-04,1,451.24
2024-02-05,1,451.24
2024-02-06,1,453.16
2024-02-07,1,454.59
2024-02-08,1,452.14
2024-02-09,1,450.34
2024-02-10,1,447.1
2024-02-11,1,447.1
2024-02-12,1,447.1
2024-02-13,1,446.72
2024-02-14,1,447.99
2024-02-15,1,447.17
2024-02-16,1,448.06
2024-02-17,1,448.68
2024-02-18,1,448.68
2024-02-19,1,448.68
2024-02-20,1,450.14
2024-02-21,1,452.94
2024-02-22,1,450.8
2024-02-23,1,450.47
2024-02-24,1,449.88
2024-02-25,1,449.88
2024-02-26,1,449.88
2024-02-27,1,449.96
2024-02-28,1,448.89
2024-02-29,1,451.31
2024-03-01,1,450.61
2024-03-02,1,451.03
2024-03-03,1,451.03
2024-03-04,1,451.03
2024-03-05,1,453.35
2024-03-06,1,450.53
2024-03-07,1,447.52
2024-03-08,1,447.29
2024-03-09,1,447.29
2024-03-10,1,447.29
2024-03-11,1,447.29
2024-03-12,1,448.91
2024-03-13,1,449.3
2024-03-14,1,449.89
2024-03-15,1,449.16
2024-03-16,1,448.58
2024-03-17,1,448.58
2024-03-18,1,448.58
2024-03-19,1,449.3
2024-03-20,1,451.08
2024-03-21,1,451.27
2024-03-22,1,451.27
2024-03-23,1,451.27
2024-03-24,1,451.27
2024-03-25,1,451.27
2024-03-26,1,451.27
2024-03-27,1,450.07
2024-03-28,1,449.58
2024-03-29,1,448.15
2024-03-30,1,446.78
2024-03-31,1,446.78
2024-04-01,1,446.78
2024-04-02,1,446.56
2024-04-03,1,447.53
2024-04-04,1,446.91
2024-04-05,1,446.49
2024-04-06,1,446.78
2024-04-07,1,446.78
2024-04-08,1,446.78
2024-04-09,1,445.95
2024-04-10,1,446.14
2024-04-11,1,447.15
2024-04-12,1,448.41
2024-04-13,1,447.89
2024-04-14,1,447.89
2024-04-15,1,447.89
2024-04-16,1,448.56
2024-04-17,1,448.81
2024-04-18,1,448.89
2024-04-19,1,447.4
2024-04-20,1,446.49
2024-04-21,1,446.49
2024-04-22,1,446.49
2024-04-23,1,445.66
2024-04-24,1,444.32
2024-04-25,1,443.85
2024-04-26,1,444.22
2024-04-27,1,443.35
2024-04-28,1,443.35
2024-04-29,1,443.35
2024-04-30,1,441.44
2024-05-01,1,442.05
2024-05-02,1,442.05
2024-05-03,1,443.37
2024-05-04,1,444.14
2024-05-05,1,441.66
2024-05-06,1,441.66
2024-05-07,1,439.43
2024-05-08,1,439.43
2024-05-09,1,439.43
2024-05-10,1,439.43
2024-05-11,1,439.4
2024-05-12,1,439.4
2024-05-13,1,439.4
2024-05-14,1,440.92
2024-05-15,1,440.9
2024-05-16,1,441.41
2024-05-17,1,441.58
2024-05-18,1,443.44
2024-05-19,1,443.44
2024-05-20,1,443.44
2024-05-21,1,443.72
2024-05-22,1,441.8
2024-05-23,1,441.79
2024-05-24,1,443.03
2024-05-25,1,443.16
2024-05-26,1,443.16
2024-05-27,1,443.16
2024-05-28,1,442.84
2024-05-29,1,441.59
2024-05-30,1,442.85
2024-05-31,1,444.79
2024-06-01,1,447.25
2024-06-02,1,447.25
2024-06-03,1,447.25
2024-06-04,1,447.08
2024-06-05,1,448.01
2024-06-06,1,448.64
2024-06-07,1,446.89
2024-06-08,1,447.37
2024-06-09,1,447.37
2024-06-10,1,447.37
2024-06-11,1,448.12
2024-06-12,1,449.76
2024-06-13,1,451.77
2024-06-14,1,451.38
2024-06-15,1,450.79
2024-06-16,1,450.79
2024-06-17,1,450.79
2024-06-18,1,452.92
2024-06-19,1,457.98
2024-06-20,1,459.75
2024-06-21,1,459.6
2024-06-22,1,464.72
2024-06-23,1,464.72
2024-06-24,1,464.72
2024-06-25,1,465.28
2024-06-26,1,467.29
2024-06-27,1,463.77
2024-06-28,1,465.52
2024-06-29,1,471.46
2024-06-30,1,471.46
2024-07-01,1,471.46
2024-07-02,1,475.18
2024-07-03,1,471.83
2024-07-04,1,472.57
2024-07-05,1,475.39
2024-07-06,1,476.27
2024-07-07,1,476.27
2024-07-08,1,476.27
2024-07-09,1,476.27
2024-07-10,1,480.77
2024-07-11,1,478.48
2024-07-12,1,474.26
2024-07-13,1,475.03
2024-07-14,1,475.03
2024-07-15,1,475.03
2024-07-16,1,472.49
2024-07-17,1,474.62
2024-07-18,1,474.83
2024-07-19,1,477.03
2024-07-20,1,478.58
2024-07-21,1,478.58
2024-07-22,1,478.58
2024-07-23,1,473.15
2024-07-24,1,472.62
2024-07-25,1,474.09
2024-07-26,1,474.72
2024-07-27,1,474.83
2024-07-28,1,474.83
2024-07-29,1,474.83
2024-07-30,1,473.29
2024-07-31,1,475.37
2024-08-01,1,473.95
2024-08-02,1,474.71
2024-08-03,1,474.57
2024-08-04,1,474.57
2024-08-05,1,474.57
2024-08-06,1,477.15
2024-08-07,1,479.4
2024-08-08,1,475.62
2024-08-09,1,477.14
2024-08-10,1,477.04
2024-08-11,1,477.04
2024-08-12,1,477.04
2024-08-13,1,479.03
2024-08-14,1,479.44
2024-08-15,1,479.83
2024-08-16,1,478.57
2024-08-17,1,478.91
2024-08-18,1,478.91
2024-08-19,1,478.91
2024-08-20,1,478.74
2024-08-21,1,476.81
2024-08-22,1,475.7
2024-08-23,1,479.08
2024-08-24,1,482.78
2024-08-25,1,482.78
2024-08-26,1,482.78
2024-08-27,1,483.65
2024-08-28,1,480.59
2024-08-29,1,481.22
2024-08-30,1,481.63
2024-08-31,1,481.63
2024-09-01,1,481.63
2024-09-02,1,481.63
2024-09-03,1,482.53
2024-09-04,1,482.74
2024-09-05,1,483.57
2024-09-06,1,482.94
2024-09-07,1,480.55
2024-09-08,1,480.55
2024-09-09,1,480.55
2024-09-10,1,478.89
2024-09-11,1,477.45
2024-09-12,1,477.62
2024-09-13,1,477.13
2024-09-14,1,479.38
2024-09-15,1,479.38
2024-09-16,1,479.38
2024-09-17,1,480.61
2024-09-18,1,480.63
2024-09-19,1,478.96
2024-09-20,1,478.93
2024-09-21,1,479.05
2024-09-22,1,479.05
2024-09-23,1,479.05
2024-09-24,1,480.5
2024-09-25,1,479.71
2024-09-26,1,478.16
2024-09-27,1,478.54
2024-09-28,1,479.23
2024-09-29,1,479.23
2024-09-30,1,479.23
2024-10-01,1,481.19
2024-10-02,1,480.11
2024-10-03,1,483.23
2024-10-04,1,482.86
2024-10-05,1,481.84
2024-10-06,1,481.84
2024-10-07,1,481.84
2024-10-08,1,484.37
2024-10-09,1,486.44
2024-10-10,1,489.06
2024-10-11,1,490.84
2024-10-12,1,487.37
2024-10-13,1,487.37
2024-10-14,1,487.37
2024-10-15,1,484.11
2024-10-16,1,487.42
2024-10-17,1,488.93
2024-10-18,1,487.24
2024-10-19,1,485.04
2024-10-20,1,485.04
2024-10-21,1,485.04
2024-10-22,1,481.68
2024-10-23,1,484.19
2024-10-24,1,486.65
2024-10-25,1,485.11
2024-10-26,1,485.11
2024-10-27,1,485.11
2024-10-28,1,485.11
2024-10-29,1,487.81
2024-10-30,1,491.7
2024-10-31,1,488.45
2024-11-01,1,488.26
2024-11-02,1,488.11
2024-11-03,1,488.11
2024-11-04,1,488.11
2024-11-05,1,489.36
2024-11-06,1,488.91
2024-11-07,1,492.14
2024-11-08,1,492.22
2024-11-09,1,491.71
2024-11-10,1,491.71
2024-11-11,1,491.71
2024-11-12,1,492.65
2024-11-13,1,494.95
2024-11-14,1,492.17
2024-11-15,1,493.85
2024-11-16,1,495.95
2024-11-17,1,495.95
2024-11-18,1,495.95
2024-11-19,1,497.89
2024-11-20,1,497.26
2024-11-21,1,495.2
2024-11-22,1,494.87
2024-11-23,1,498.34
2024-11-24,1,498.34
2024-11-25,1,498.34
2024-11-26,1,498.51
2024-11-27,1,498.55
2024-11-28,1,499.51
2024-11-29,1,513.0
2024-11-30,1,511.22
2024-12-01,1,511.22
2024-12-02,1,511.22
2024-12-03,1,524.58
2024-12-04,1,523.17
2024-12-05,1,523.58
2024-12-06,1,524.65
2024-12-07,1,514.65
2024-12-08,1,514.65
2024-12-09,1,514.65
2024-12-10,1,510.08
2024-12-11,1,508.05
2024-12-12,1,516.93
2024-12-13,1,522.91
2024-12-14,1,522.49
2024-12-15,1,522.49
2024-12-16,1,522.49
2024-12-17,1,522.49
2024-12-18,1,524.66
2024-12-19,1,522.63
2024-12-20,1,524.02
2024-12-21,1,523.86
2024-12-22,1,523.86
2024-12-23,1,523.86
2024-12-24,1,523.72
2024-12-25,1,515.89
2024-12-26,1,514.93
2024-12-27,1,515.25
2024-12-28,1,521.81
2024-12-29,1,521.81
2024-12-30,1,521.81
2024-12-31,1,523.54
2025-01-01,1,525.11
2025-01-02,1,525.11
2025-01-03,1,525.11
2025-01-04,1,525.11
2025-01-05,1,525.11
2025-01-06,1,526.11
2025-01-07,1,527.3
2025-01-08,1,527.3
2025-01-09,1,527.23
2025-01-10,1,524.75
2025-01-11,1,526.81
2025-01-12,1,526.81
2025-01-13,1,526.81
2025-01-14,1,528.52
2025-01-15,1,530.24
2025-01-16,1,529.7
2025-01-17,1,529.65
2025-01-18,1,530.12
2025-01-19,1,530.12
2025-01-20,1,530.12
2025-01-21,1,529.99
2025-01-22,1,527.58
2025-01-23,1,520.91
2025-01-24,1,522.42
