"Avg(CNY/mt,VAT included)","Avg With Rate(USD/mt,VAT included)"
84000.0,11761.41
84000.0,11728.57
84000.0,11712.21
85000.0,11832.51
85500.0,11923.02
85500.0,11915.55
86500.0,12029.59
87500.0,12187.48
87500.0,12186.63
87500.0,12179.67
88500.0,12292.35
88500.0,12268.49
88500.0,12266.79
89500.0,12407.12
90500.0,12549.23
90500.0,12586.75
90500.0,12583.25
90500.0,12607.09
90500.0,12575.38
90500.0,12571.02
90500.0,12579.75
92000.0,12781.15
92000.0,12784.7
92000.0,12781.15
92000.0,12752.8
92000.0,12752.8
92000.0,12766.08
92000.0,12748.39
92500.0,12824.78
92500.0,12820.34
92500.0,12852.4
92500.0,12825.67
92500.0,12822.11
92500.0,12819.45
92500.0,12820.51
92500.0,12818.56
92500.0,12823.0
92500.0,12820.51
92500.0,12820.34
92500.0,12820.16
92500.0,12818.56
92500.0,12819.45
92500.0,12829.23
92500.0,12833.68
92500.0,12858.65
92500.0,12839.91
92000.0,12760.76
92000.0,12751.92
92000.0,12753.86
92000.0,12751.21
92000.0,12749.09
92000.0,12749.27
92000.0,12700.69
92000.0,12739.56
92000.0,12714.73
92000.0,12699.82
92000.0,12699.82
92000.0,12698.24
92000.0,12700.69
92000.0,12681.43
92000.0,12681.43
92000.0,12691.06
92000.0,12687.56
92000.0,12694.03
92000.0,12681.43
92000.0,12681.43
92000.0,12680.21
93000.0,12819.28
93000.0,12815.74
94000.0,12959.44
94000.0,12948.91
96000.0,13223.69
96000.0,13220.96
98000.0,13494.53
98000.0,13488.03
100000.0,13765.19
101000.0,13898.64
101000.0,13904.76
102000.0,14104.57
102000.0,14101.64
103000.0,14223.18
104000.0,14356.31
104000.0,14362.26
107000.0,14758.21
109000.0,15027.85
109000.0,15027.85
114000.0,15771.78
114000.0,15741.07
116000.0,16008.39
116000.0,15990.74
120000.0,16537.58
120000.0,16527.33
125000.0,17208.86
128000.0,17620.66
128000.0,17620.66
133000.0,18310.23
133000.0,18300.15
133000.0,18332.94
138000.0,19005.12
141000.0,19419.62
141000.0,19422.29
143000.0,19677.45
146000.0,20099.95
146000.0,20079.22
146000.0,20073.7
151000.0,20781.15
151000.0,20762.58
154000.0,21177.12
156000.0,21445.66
158000.0,21725.08
158000.0,21717.62
158000.0,21702.4
158000.0,21708.37
160000.0,21981.65
160000.0,21974.1
160000.0,21960.53
160000.0,21956.01
160000.0,21952.99
160000.0,21956.01
160000.0,21946.97
160000.0,21951.49
160000.0,21952.99
160000.0,21952.99
160000.0,21957.51
160000.0,21945.47
160000.0,21931.93
160000.0,21978.63
160000.0,21977.12
160000.0,21980.14
160000.0,21954.5
160000.0,21995.55
160000.0,21962.03
160000.0,21951.49
160000.0,21940.95
160000.0,21936.44
160000.0,21965.05
160000.0,22022.79
161000.0,22136.06
161000.0,22115.99
161000.0,22218.54
161000.0,22272.64
161000.0,22160.74
161000.0,22467.21
161000.0,22435.9
161000.0,22398.13
161000.0,22398.13
161000.0,22377.89
161000.0,22395.01
162000.0,22520.02
162000.0,22594.14
162000.0,22613.07
162000.0,22512.19
162000.0,22605.18
162000.0,22654.17
162000.0,22654.17
162000.0,22657.34
162000.0,22611.49
162000.0,22714.84
162000.0,22676.37
162500.0,22755.92
162500.0,22746.36
162500.0,22831.37
162500.0,22829.77
162500.0,22775.05
162500.0,22768.67
162500.0,22807.34
163000.0,22938.68
163000.0,22880.73
163000.0,22841.93
163000.0,22846.73
163000.0,22827.53
163000.0,22860.51
163000.0,22916.11
163000.0,22882.33
163000.0,23046.04
162000.0,22925.72
162000.0,22898.17
162000.0,23025.43
162000.0,22990.79
161000.0,22935.45
161000.0,22893.06
161000.0,22763.26
159000.0,22447.16
156000.0,21979.88
154000.0,21707.26
154000.0,21717.98
150000.0,21109.22
149000.0,20871.27
149000.0,20883.26
149000.0,20878.58
149000.0,20944.91
149000.0,20875.66
149000.0,20849.37
149000.0,20875.66
149000.0,20883.26
149000.0,20837.7
149000.0,20846.45
149000.0,20858.12
149000.0,20868.35
147000.0,20583.91
147000.0,20614.51
146000.0,20492.95
146000.0,20443.88
146000.0,20273.27
146000.0,20391.06
146000.0,20291.59
145000.0,20045.07
145000.0,20043.68
145000.0,19993.93
145000.0,19985.94
145000.0,19991.45
145000.0,19999.72
145000.0,19981.53
145000.0,19966.4
145000.0,19962.28
145000.0,19976.03
145000.0,19940.32
145000.0,19949.92
145000.0,19963.65
145000.0,19973.28
145000.0,19937.57
145000.0,19851.32
145000.0,19866.55
145000.0,19889.71
145000.0,19907.46
145000.0,19871.18
145000.0,19915.67
145000.0,19948.55
145000.0,19911.57
145000.0,19893.81
145000.0,19885.62
145000.0,19854.04
145000.0,19859.48
145000.0,19817.41
145000.0,19817.41
144000.0,19690.15
144000.0,19678.05
144000.0,19682.08
144000.0,19682.08
144000.0,19675.36
144000.0,19674.01
144000.0,19681.0
144000.0,19676.7
144000.0,19672.67
144000.0,19605.44
144000.0,19594.77
145000.0,19728.16
145000.0,19724.13
145000.0,19725.48
145000.0,19729.5
145000.0,19725.48
145000.0,19726.82
145000.0,19724.13
145000.0,19724.13
145000.0,19751.27
145000.0,19882.9
145000.0,19882.9
145000.0,19878.81
145000.0,19837.74
145000.0,19918.4
145000.0,19863.56
145000.0,19866.55
145000.0,19849.96
145000.0,19799.82
145000.0,19794.41
145000.0,19790.36
146000.0,19925.48
146000.0,20003.56
146000.0,20087.5
147000.0,20182.05
147000.0,20143.33
147000.0,20223.7
148000.0,20369.68
151000.0,20749.74
154000.0,21151.81
157000.0,21472.14
159000.0,21781.42
159000.0,21766.51
162000.0,22239.92
162000.0,22308.83
165000.0,22712.57
168000.0,23081.04
170000.0,23446.34
173000.0,23840.04
177000.0,24367.75
181000.0,24980.68
185000.0,25536.26
185000.0,25532.74
192000.0,26489.7
198000.0,27228.85
200000.0,27486.88
209000.0,28702.09
211000.0,28984.71
215000.0,29493.67
219000.0,30075.39
221000.0,30377.17
224000.0,30781.07
226000.0,31002.65
226000.0,30930.09
228000.0,31131.38
230000.0,31263.17
233000.0,31585.08
233000.0,31632.25
236000.0,32214.91
236000.0,32236.91
238000.0,32419.33
238000.0,32467.98
240000.0,32798.98
240000.0,32816.92
242000.0,33065.53
242000.0,33029.43
242000.0,33110.77
242000.0,33113.04
242000.0,33115.3
242000.0,33115.3
242000.0,33183.87
242000.0,33362.74
242000.0,33441.12
242000.0,33343.9
242000.0,33325.53
242000.0,33390.36
242000.0,33496.66
242000.0,33501.3
239000.0,33063.11
236500.0,32744.44
234000.0,32353.51
232500.0,32137.23
229500.0,31792.87
227500.0,31491.81
225500.0,31352.1
225500.0,31312.92
219500.0,30407.56
216500.0,30042.32
211500.0,29307.43
206500.0,28676.57
200500.0,27856.89
200500.0,27860.77
195500.0,27117.0
195500.0,27149.01
195500.0,27109.48
195500.0,27154.66
195500.0,27147.12
195500.0,27124.52
192500.0,26691.63
190500.0,26467.52
190500.0,26478.56
190500.0,26508.04
190500.0,26496.97
190500.0,26508.04
190500.0,26522.8
190500.0,26554.22
190500.0,26515.42
190500.0,26508.04
190500.0,26513.57
190500.0,26473.04
190500.0,26460.17
190500.0,26452.82
190500.0,26493.29
190500.0,26463.85
190500.0,26456.5
190500.0,26474.88
190500.0,26500.66
190500.0,26506.19
190500.0,26574.97
190500.0,26537.58
190500.0,26508.04
190500.0,26471.2
190500.0,26489.61
190500.0,26416.14
190500.0,26381.02
190500.0,26471.2
190500.0,26432.63
190500.0,26452.82
190500.0,26454.66
190500.0,26452.82
190500.0,26441.81
190500.0,26460.17
190500.0,26489.61
190500.0,26460.17
190500.0,26452.82
190500.0,26445.48
190500.0,26439.97
187500.0,26039.86
187500.0,26103.3
187500.0,26139.69
187500.0,26167.42
187500.0,26156.46
187500.0,26220.48
187500.0,26225.98
187500.0,26202.15
187500.0,26202.15
187500.0,26189.35
187500.0,26196.66
184000.0,25740.03
184000.0,25754.44
184000.0,25781.5
184000.0,25781.5
182000.0,25505.56
182000.0,25534.54
182000.0,25511.63
179000.0,25089.0
179000.0,25100.26
179000.0,25047.58
179000.0,25030.41
179000.0,25045.82
179000.0,25065.11
176000.0,24607.47
172500.0,24140.39
172500.0,24137.01
169500.0,23725.21
169500.0,23742.82
166500.0,23324.23
166500.0,23307.9
166500.0,23326.19
164500.0,23033.09
164500.0,23025.03
161500.0,22694.06
161500.0,22698.84
158500.0,22233.13
154500.0,21628.05
151500.0,21191.18
151500.0,21216.11
151500.0,21218.78
149500.0,20943.66
149500.0,20946.3
149500.0,20964.8
149500.0,21027.91
151500.0,21281.38
155500.0,21828.54
160500.0,22502.94
162500.0,22782.4
172500.0,24209.51
172500.0,24240.12
174500.0,24575.73
174500.0,24596.87
174500.0,24572.62
174500.0,24606.23
174500.0,24596.87
174500.0,24631.93
174500.0,24624.98
174500.0,24617.69
174500.0,24630.19
172500.0,24332.44
172500.0,24353.74
172500.0,24368.88
172500.0,24385.42
170500.0,24112.91
169500.0,24001.36
167500.0,23729.58
167500.0,23713.12
167500.0,23725.88
167500.0,23730.59
167500.0,23741.35
166500.0,23631.43
165000.0,23459.49
165000.0,23485.87
165000.0,23484.2
162000.0,23111.16
162000.0,23132.94
162000.0,23097.98
162000.0,23144.51
162000.0,23166.35
162000.0,23165.03
162000.0,23184.92
162000.0,23195.54
162000.0,23203.19
162000.0,23218.15
162000.0,23205.18
163000.0,23351.77
163000.0,23356.45
165000.0,23661.68
165000.0,23659.31
165000.0,23684.1
145365.0,19722.77
184965.0,23495.8
184965.0,23492.43
156206.0,23667.76
186086.0,18618.28
187207.0,22522.97
188328.0,22669.56
188328.0,22690.76
148008.0,24050.38
188328.0,22753.6
148008.0,24077.49
148008.0,24074.01
188328.0,18943.15
158088.0,22886.31
178248.0,19080.58
148008.0,24244.56
188328.0,19034.55
178248.0,24171.42
179309.0,24174.7
180370.0,24444.99
180370.0,24357.79
190570.0,19092.18
180370.0,24411.38
190570.0,19264.23
149770.0,24462.01
159970.0,24441.45
190570.0,23065.73
190570.0,23123.54
149770.0,23134.26
149770.0,24404.31
149770.0,23128.56
159970.0,24343.72
180370.0,19185.04
159970.0,23119.85
149770.0,23063.06
190570.0,23015.18
159970.0,24317.75
149770.0,20437.19
190570.0,23101.12
159970.0,23138.96
179309.0,24281.49
179309.0,24329.41
159029.0,23108.37
159029.0,23152.54
159029.0,23160.98
,19229.45
178248.0,19130.46
177187.0,24236.34
147127.0,20340.22
147127.0,19027.15
145805.5,20154.28
145805.5,22728.09
144043.5,22425.23
144043.5,23684.73
153853.5,23669.18
183283.5,22425.55
183283.5,19889.79
162000.0,20899.29
171882.0,18403.42
141841.0,19604.85
170821.0,19643.63
170821.0,19635.0
170821.0,23441.7
180481.0,19683.14
141841.0,19677.36
180481.0,23476.5
151501.0,18439.2
178239.0,21849.19
178239.0,19415.54
146325.5,22575.63
163394.0,22402.77
163394.0,18807.47
135674.0,17651.24
135674.0,21302.74
144914.0,21306.5
163394.0,22468.67
163394.0,22480.57
144914.0,21357.05
133912.0,21076.27
161272.0,25118.97
157558.5,24505.17
153845.0,18800.68
136445.0,23900.16
124661.5,19573.04
120256.5,18917.29
126564.5,20999.54
125153.0,20805.76
149093.0,22007.97
141113.0,18426.58
141113.0,18426.03
115851.5,15108.97
114089.5,15878.94
121859.5,15883.39
134216.5,17454.69
131033.5,16991.3
136201.5,17686.06
133959.5,13664.56
125728.5,13558.56
110097.0,17060.06
128915.0,13171.82
119362.5,12894.76
105862.5,15536.87
119362.5,15506.54
104921.5,15368.7
103039.5,12515.57
115649.0,15029.19
102569.0,15061.26
102569.0,15057.71
111405.0,15348.67
109283.0,15059.19
113221.0,13968.59
110979.0,12134.65
85457.0,14182.59
89395.0,11662.21
89395.0,11652.59
83695.0,13870.74
89395.0,10911.85
106495.0,13898.36
104813.5,13671.65
96020.5,13230.26
96020.5,13262.11
79730.5,13260.35
96020.5,11126.36
79730.5,12562.48
81052.0,12768.44
81052.0,12765.04
82814.0,13051.41
82814.0,13053.54
82814.0,13054.31
84135.5,13263.8
84135.5,13264.19
85457.0,13475.72
102917.0,14241.36
92218.0,12071.78
105569.5,14632.66
99500.0,13063.09
88540.5,14795.73
107691.5,12543.36
90302.5,14286.1
90302.5,14280.8
103500.0,13595.51
104500.0,13728.7
104500.0,13726.66
