date,lead,nickel,zink,tin,aluminium,copper
2022-01-04,2327.0,20730,3602.0,39400,2815.5,9660.0
2022-01-05,2343.0,20900,3660.0,39700,2866.0,9778.0
2022-01-06,2291.0,20480,3590.0,39650,2912.5,9565.0
2022-01-07,2342.0,20725,3602.5,40650,2919.5,9615.0
2022-01-10,2303.0,21045,3576.5,40425,2923.0,9665.0
2022-01-11,2305.0,21680,3540.0,40700,2950.0,9662.0
2022-01-12,2344.5,22200,3582.0,41750,3003.0,9945.0
2022-01-13,2367.0,22130,3575.0,41850,2960.0,9972.0
2022-01-14,2383.0,22850,3560.0,40850,2977.5,9900.0
2022-01-17,2358.0,22475,3535.0,41500,3009.0,9674.5
2022-01-18,2357.0,22740,3544.0,42500,3006.0,9707.0
2022-01-19,2352.0,22795,3602.0,43050,3036.0,9801.0
2022-01-20,2370.0,23900,3674.0,44195,3109.5,9925.0
2022-01-21,2393.5,24000,3686.0,43900,3079.5,9970.0
2022-01-24,2372.0,23500,3642.0,43375,3044.5,9800.0
2022-01-25,2359.0,22535,3615.0,41700,3064.0,9744.0
2022-01-26,2366.0,23425,3645.0,42800,3093.0,9965.0
2022-01-27,2330.0,22860,3649.0,43145,3107.0,9872.0
2022-01-28,2302.0,22750,3644.0,42450,3110.0,9678.0
2022-01-31,2289.0,22800,3675.0,42550,3076.0,9620.0
2022-02-01,2250.0,23300,3635.0,43600,3072.0,9701.0
2022-02-02,2247.0,23400,3650.0,43750,3043.0,9880.0
2022-02-03,2229.0,23225,3618.0,43560,3058.5,9785.0
2022-02-04,2225.0,23475,3635.0,43375,3087.0,9875.0
2022-02-07,2199.0,23650,3623.0,43250,3148.0,9850.0
2022-02-08,2204.0,23530,3653.0,43375,3245.0,9760.0
2022-02-09,2234.0,23550,3633.5,43400,3248.0,9881.0
2022-02-10,2300.0,24055,3738.0,44445,3313.0,10220.5
2022-02-11,2289.0,23705,3673.0,44195,3200.0,10040.0
2022-02-14,2300.0,23650,3631.0,44000,3306.0,9882.0
2022-02-15,2310.0,23950,3613.0,43575,3223.0,10020.0
2022-02-16,2340.0,23905,3634.0,43785,3282.0,10045.5
2022-02-17,2351.0,24150,3621.0,43750,3294.0,10010.0
2022-02-18,2363.0,24500,3668.5,44150,3314.0,10015.0
2022-02-21,2343.5,24870,3600.0,44150,3315.0,9960.0
2022-02-22,2335.0,25650,3628.0,44700,3420.0,10020.0
2022-02-23,2347.5,24950,3615.5,44750,3323.5,10005.0
2022-02-24,2370.0,26105,3670.0,45795,3519.0,9983.0
2022-02-25,2359.0,24700,3640.0,45200,3355.5,9920.0
2022-02-28,2402.0,25240,3705.0,45550,3450.0,9974.0
2022-03-01,2413.0,25450,3737.0,46000,3495.5,9976.0
2022-03-02,2433.5,27000,3927.0,46150,3605.0,10257.5
2022-03-03,2424.5,28800,3985.0,46655,3728.5,10470.0
2022-03-04,2440.0,29800,4024.5,47325,3851.0,10466.0
2022-03-07,2513.0,42995,4248.0,48670,3984.5,10730.0
2022-03-08,2491.0,48201,4091.0,50050,3500.5,10171.0
2022-03-09,2401.0,48211,3940.0,48200,3532.0,10052.0
2022-03-10,2401.0,48241,3961.0,42800,3535.0,10144.0
2022-03-11,2361.0,48226,3835.0,44025,3472.0,10145.0
2022-03-14,2272.0,48211,3782.0,44100,3399.0,9880.0
2022-03-15,2230.0,48196,3771.0,42525,3217.5,9826.0
2022-03-16,2245.0,45795,3821.0,43100,3306.0,10100.5
2022-03-17,2235.0,42150,3805.0,41850,3288.0,10166.0
2022-03-18,2259.0,37115,3850.0,42450,3380.5,10249.0
2022-03-21,2248.0,31580,3896.0,41425,3518.0,10173.0
2022-03-22,2270.0,30800,3945.0,41550,3550.5,10342.0
2022-03-23,2336.5,32355,4018.0,42000,3560.0,10311.0
2022-03-24,2350.0,37200,4140.0,42425,3664.0,10421.0
2022-03-25,2346.0,35550,4073.0,42650,3583.0,10280.0
2022-03-28,2369.5,34050,4064.0,42925,3606.0,10227.0
2022-03-29,2394.0,33100,4101.0,42750,3583.0,10350.0
2022-03-30,2402.0,32750,4134.5,43900,3508.0,10390.5
2022-03-31,2433.0,33400,4260.0,44200,3503.0,10337.0
2022-04-01,2447.0,32800,4332.0,44500,3483.0,10247.0
2022-04-04,2435.0,33690,4471.0,45500,3444.0,10301.5
2022-04-05,2419.0,33750,4310.0,45400,3415.0,10426.0
2022-04-06,2389.0,33600,4306.0,45175,3443.5,10350.5
2022-04-07,2405.0,33500,4250.0,44300,3346.0,10292.0
2022-04-08,2425.0,34100,4280.0,44295,3395.0,10390.0
2022-04-11,2409.0,32925,4372.0,43325,3234.5,10235.5
2022-04-12,2418.0,32450,4345.0,43650,3214.5,10201.0
2022-04-13,2450.0,33000,4515.0,43450,3207.0,10290.5
2022-04-14,2471.0,33250,4472.0,43325,3237.5,10277.0
2022-04-19,2425.0,33700,4530.0,43600,3312.0,10381.0
2022-04-20,2425.0,33800,4510.0,43400,3240.0,10215.0
2022-04-21,2414.0,33775,4485.0,43275,3262.0,10268.0
2022-04-22,2400.0,33850,4515.0,42200,3244.0,10230.5
2022-04-25,2368.0,32650,4279.5,40475,3090.0,9919.0
2022-04-26,2359.0,32825,4315.0,41250,3102.5,9912.5
2022-04-27,2320.0,33300,4319.5,40790,3100.0,9910.0
2022-04-28,2280.0,33275,4230.5,40600,3065.5,9812.0
2022-04-29,2279.0,32430,4212.0,40800,3039.0,9820.5
2022-05-03,2268.0,30910,4045.0,41300,2911.5,9511.0
2022-05-04,2275.0,30385,3955.0,40700,2929.0,9474.0
2022-05-05,2305.0,30200,3993.0,40775,2917.0,9541.0
2022-05-06,2231.0,29930,3829.0,40585,2832.5,9428.0
2022-05-09,2129.0,28400,3655.0,38000,2708.0,9160.0
2022-05-10,2117.0,27760,3642.0,36700,2677.0,9350.0
2022-05-11,2107.0,27800,3660.0,35700,2737.0,9367.0
2022-05-12,2073.0,27600,3541.0,33875,2688.0,9018.5
2022-05-13,2064.0,27425,3500.0,34375,2723.0,9064.0
2022-05-16,2094.0,26105,3583.5,35000,2791.0,9270.0
2022-05-17,2102.0,26300,3687.0,34325,2836.0,9396.0
2022-05-18,2077.0,26180,3646.5,33925,2845.0,9264.5
2022-05-19,2033.0,26125,3647.5,33900,2826.0,9287.0
2022-05-20,2146.0,27950,3755.0,34705,2931.0,9477.0
2022-05-23,2167.0,26800,3777.0,34800,2963.0,9500.5
2022-05-24,2181.5,26280,3769.0,34200,2881.0,9460.5
2022-05-25,2121.5,26725,3750.0,34300,2829.5,9287.0
2022-05-26,2106.0,27550,3744.0,33725,2825.5,9359.0
2022-05-27,2091.5,27850,3815.0,34050,2823.0,9383.0
2022-05-30,2184.0,29975,3976.0,35000,2863.0,9520.5
2022-05-31,2176.0,28700,3978.0,34900,2816.5,9500.5
2022-06-01,2143.5,27710,3896.0,35250,2701.5,9455.0
2022-06-06,2181.0,29400,3913.0,35900,2742.0,9712.0
2022-06-07,2169.0,29050,3745.5,36200,2715.0,9612.0
2022-06-08,2225.0,28860,3822.0,37000,2765.5,9692.0
2022-06-09,2198.0,28055,3792.0,37200,2752.5,9630.0
2022-06-10,2151.0,27570,3755.0,36550,2695.0,9537.0
2022-06-13,2102.0,26390,3607.0,34500,2589.5,9290.0
2022-06-14,2075.0,25500,3661.0,31000,2588.0,9263.0
2022-06-15,2082.0,25650,3701.0,32850,2580.0,9257.0
2022-06-16,2067.0,25425,3636.0,32450,2500.5,9105.0
2022-06-17,2073.0,25435,3580.0,32600,2474.0,9101.0
2022-06-20,2046.0,25230,3572.0,31025,2462.0,8875.0
2022-06-21,2080.5,25540,3721.0,31560,2519.5,9000.0
2022-06-22,2040.0,24975,3699.5,29525,2455.5,8729.0
2022-06-23,1985.0,24110,3677.0,26850,2480.0,8578.0
2022-06-24,1896.0,22900,3540.0,25050,2436.0,8280.5
2022-06-27,1982.0,23200,3450.0,27500,2453.0,8353.0
2022-06-28,1989.5,23900,3449.5,28150,2500.0,8502.0
2022-06-29,1955.0,24750,3410.0,27325,2452.0,8446.0
2022-06-30,1907.0,23100,3251.5,27050,2397.0,8245.0
2022-07-01,1919.0,21650,3125.0,27000,2384.0,7975.5
2022-07-04,1947.0,22685,3170.0,27195,2431.5,8036.0
2022-07-05,1932.5,21925,3041.0,25700,2374.0,7807.0
2022-07-06,1981.5,22225,3060.0,25300,2358.0,7525.5
2022-07-07,2015.0,22025,3162.0,25625,2417.5,7835.0
2022-07-08,1948.0,21255,3151.0,25800,2399.5,7790.0
2022-07-11,1940.0,21500,3122.0,25800,2417.0,7623.0
2022-07-12,1945.0,21450,3137.0,25700,2358.0,7370.5
2022-07-13,1981.0,21700,3060.5,24900,2343.0,7267.0
2022-07-14,1891.0,20335,2972.0,25600,2329.0,7216.0
2022-07-15,1925.0,19100,2921.0,23600,2320.5,7000.0
2022-07-18,1994.0,20200,3032.0,24010,2377.5,7320.0
2022-07-19,1972.0,21350,3045.0,24900,2412.0,7281.5
2022-07-20,2032.0,21300,3090.0,25000,2456.5,7371.0
2022-07-21,1996.0,21200,3005.0,24475,2426.0,7231.5
2022-07-22,2005.0,21530,3045.0,24700,2460.0,7372.0
2022-07-25,2021.0,22550,3050.0,25200,2431.5,7448.0
2022-07-26,2004.0,22320,3140.0,25300,2437.0,7591.5
2022-07-27,2016.5,21300,3116.0,24150,2390.5,7552.0
2022-07-28,2013.0,21500,3246.0,24275,2458.0,7712.0
2022-07-29,2023.0,22050,3351.0,24405,2452.0,7800.5
2022-08-01,2057.0,24025,3405.5,25795,2469.5,7930.5
2022-08-02,2042.0,22825,3445.0,24700,2448.5,7819.0
2022-08-03,2021.0,22000,3355.0,24350,2403.0,7774.0
2022-08-04,2019.5,22035,3431.0,24600,2374.0,7642.0
2022-08-05,2092.0,22170,3550.0,24755,2447.5,7830.5
2022-08-08,2140.5,21725,3507.0,23100,2435.5,7835.0
2022-08-09,2183.0,21355,3577.0,24495,2488.0,7971.5
2022-08-10,2175.0,21330,3632.0,23850,2462.5,7976.0
2022-08-11,2185.5,23110,3727.0,24875,2498.0,8140.0
2022-08-12,2176.0,23225,3672.0,25010,2468.5,8065.0
2022-08-15,2175.0,21850,3621.0,24300,2389.5,7865.5
2022-08-16,2192.0,22500,3877.0,24995,2442.0,7992.0
2022-08-17,2141.0,22035,3635.5,24950,2414.0,7955.0
2022-08-18,2126.0,21850,3574.0,24550,2412.0,8020.0
2022-08-19,2070.0,21575,3532.0,24950,2376.0,8051.0
2022-08-22,2032.0,21810,3550.0,24500,2387.5,8041.0
2022-08-23,2005.0,21780,3520.0,24545,2438.5,8100.5
2022-08-24,1958.0,21350,3561.0,24455,2422.0,8031.5
2022-08-25,1997.0,21250,3622.0,24650,2442.5,8155.0
2022-08-26,1997.5,21510,3678.0,24450,2495.0,8315.0
2022-08-30,1979.0,21385,3592.0,23775,2406.5,7910.5
2022-08-31,1950.0,21255,3540.0,23600,2368.5,7721.0
2022-09-01,1915.0,20525,3300.0,21625,2306.0,7702.0
2022-09-02,1890.0,20200,3144.5,21700,2309.0,7587.0
2022-09-05,1882.0,21000,3265.0,21650,2290.5,7652.5
2022-09-06,1895.0,21355,3217.0,21750,2260.0,7707.0
2022-09-07,1895.0,21450,3171.0,20525,2230.5,7730.0
2022-09-08,1888.0,21400,3192.0,21700,2256.0,7906.0
2022-09-09,1918.0,22200,3222.5,21305,2280.0,7985.0
2022-09-12,1929.0,23325,3248.0,21550,2288.5,8026.0
2022-09-13,1956.0,24655,3319.5,22245,2309.5,8230.0
2022-09-14,1930.0,23755,3215.0,21350,2227.5,7865.0
2022-09-15,1936.0,23310,3225.0,20900,2272.0,7806.0
2022-09-16,1882.0,23500,3124.0,21185,2259.0,7792.0
2022-09-19,1882.0,24610,3145.0,20450,2232.0,7772.0
2022-09-20,1874.0,24750,3201.5,21200,2245.5,7796.0
2022-09-21,1847.0,24860,3132.0,21635,2191.0,7761.5
2022-09-22,1877.0,24525,3131.5,21745,2195.5,7815.0
2022-09-23,1802.0,23135,3035.0,21410,2153.0,7446.0
2022-09-26,1776.0,22150,2944.0,20595,2125.5,7449.0
2022-09-27,1754.0,21890,2938.0,20900,2106.0,7475.0
2022-09-28,1765.0,21225,2830.0,20900,2080.0,7353.0
2022-09-29,1856.0,22900,3015.0,20605,2261.0,7660.5
2022-09-30,1889.0,22290,2986.0,20750,2180.0,7647.0
2022-10-03,1865.5,21575,2956.0,20345,2164.0,7524.0
2022-10-04,1877.0,21300,2989.0,20255,2261.5,7596.0
2022-10-05,1965.5,22275,3028.0,20305,2289.0,7661.0
2022-10-06,2049.0,22350,3096.0,20250,2355.0,7744.0
2022-10-07,2078.0,22360,3061.5,20000,2342.0,7575.5
2022-10-10,2096.0,22100,3011.0,20155,2274.0,7655.0
2022-10-11,2030.0,22400,2966.0,20300,2218.5,7587.0
2022-10-12,2080.0,21750,2972.0,20005,2227.0,7625.5
2022-10-13,2079.0,21920,2955.5,20125,2374.0,7663.0
2022-10-14,2060.0,21910,2960.5,19975,2309.0,7688.0
2022-10-17,2077.0,21460,2905.0,19700,2240.0,7715.0
2022-10-18,2044.0,21500,2868.0,19425,2200.5,7536.0
2022-10-19,2007.0,21620,2890.0,19400,2169.0,7420.0
2022-10-20,1989.0,21825,2944.0,19025,2214.0,7585.5
2022-10-21,1930.0,21550,2990.5,18435,2155.5,7545.0
2022-10-24,1937.0,22170,3011.0,18350,2160.0,7661.0
2022-10-25,1893.0,22075,2920.0,18055,2170.5,7536.0
2022-10-26,1900.0,22255,2977.0,18650,2265.5,7762.5
2022-10-27,1885.0,22250,2985.0,18775,2297.0,7777.0
2022-10-28,1942.0,22255,2914.0,18300,2226.0,7663.5
2022-10-31,1966.0,21750,2755.0,17700,2197.0,7525.0
2022-11-01,2009.0,22705,2787.0,18125,2245.5,7745.0
2022-11-02,1978.0,23360,2765.0,18050,2227.0,7705.0
2022-11-03,1986.0,23060,2682.0,18100,2216.0,7510.0
2022-11-04,2022.0,23735,2849.0,18375,2306.0,7905.0
2022-11-07,2015.0,22950,2885.0,18825,2292.0,7954.5
2022-11-08,2030.0,23410,2901.5,19575,2327.0,7974.0
2022-11-09,2060.0,24095,2890.0,19875,2338.0,8035.0
2022-11-10,2065.0,24420,2832.0,19675,2272.0,8065.0
2022-11-11,2156.5,26025,3006.5,21150,2410.0,8441.0
2022-11-14,2175.0,27005,3076.0,21900,2392.0,8346.0
2022-11-15,2212.5,29600,3145.0,23795,2410.0,8343.0
2022-11-16,2209.0,28555,3087.0,24525,2393.0,8315.0
2022-11-17,2147.0,26070,3000.0,23400,2342.5,8155.0
2022-11-18,2175.0,24850,3007.5,21750,2369.0,8047.0
2022-11-21,2113.0,24450,2932.0,21650,2344.0,7900.5
2022-11-22,2095.5,25700,2904.5,21310,2394.0,7996.0
2022-11-23,2082.0,25900,2892.0,21995,2364.0,7962.0
2022-11-24,2128.0,26160,2912.0,22450,2344.0,7990.5
2022-11-25,2135.0,25600,2925.0,22450,2346.0,8070.0
2022-11-28,2107.0,25250,2912.0,22450,2315.5,7966.0
2022-11-29,2122.0,26255,2956.0,22600,2341.5,8035.5
2022-11-30,2164.0,26500,2974.0,22975,2387.0,8198.0
2022-12-01,2155.0,26950,3056.5,23105,2430.5,8216.5
2022-12-02,2171.0,27145,3066.5,23500,2448.5,8342.0
2022-12-05,2194.5,28365,3120.5,24475,2485.0,8440.0
2022-12-06,2210.0,28250,3187.0,24600,2461.0,8355.5
2022-12-07,2206.0,28725,3140.0,24475,2450.5,8334.0
2022-12-08,2199.0,31075,3242.0,24400,2468.5,8537.0
2022-12-09,2207.0,29850,3247.0,24700,2453.5,8490.5
2022-12-12,2190.0,29310,3284.0,23900,2390.0,8371.5
2022-12-13,2201.0,28800,3289.0,24300,2388.0,8381.0
2022-12-14,2147.0,27850,3277.0,24275,2379.5,8415.0
2022-12-15,2133.0,28625,3235.0,23650,2396.0,8383.0
2022-12-16,2156.0,28850,3127.0,23750,2354.0,8231.5
2022-12-19,2179.0,27525,3060.0,23300,2327.0,8331.0
2022-12-20,2175.0,28400,3075.0,23375,2329.5,8302.0
2022-12-21,2217.0,28175,3065.5,23875,2357.0,8327.0
2022-12-22,2277.0,28650,3008.0,23925,2362.0,8345.5
2022-12-23,2280.0,29600,2985.0,23950,2342.0,8308.5
2022-12-28,2303.0,30505,3056.0,24900,2343.0,8451.0
2022-12-29,2314.0,30000,3019.0,24725,2371.5,8395.0
2022-12-30,2335.0,30425,3025.0,24800,2360.5,8387.0
2023-01-03,2322.0,31200,3004.0,25050,2337.5,8390.0
2023-01-04,2331.0,29750,2977.0,25250,2250.0,8209.0
2023-01-05,2298.5,28775,3040.0,25100,2270.0,8420.0
2023-01-06,2235.0,27465,2994.0,25250,2242.5,8362.5
2023-01-09,2318.0,27485,3154.0,25600,2336.5,8722.0
2023-01-10,2208.0,27700,3193.0,25600,2397.0,8766.5
2023-01-11,2202.0,27575,3175.5,26600,2451.0,8987.0
2023-01-12,2155.0,26475,3215.0,27475,2447.0,9071.5
2023-01-13,2215.0,27175,3301.5,28530,2511.0,9107.0
2023-01-16,2288.0,27100,3352.0,28125,2603.0,9145.5
2023-01-17,2241.0,26750,3286.0,28100,2562.5,9114.0
2023-01-18,2218.0,27510,3415.0,28650,2636.0,9436.0
2023-01-19,2163.0,28175,3372.0,28650,2541.0,9190.0
2023-01-20,2142.0,28650,3445.0,29275,2585.5,9232.0
2023-01-23,2105.0,27650,3436.5,29900,2593.0,9340.5
2023-01-24,2063.0,28110,3420.5,29950,2594.5,9308.0
2023-01-25,2148.0,28755,3440.0,30325,2606.0,9258.0
2023-01-26,2199.0,28750,3488.0,31450,2598.0,9288.5
2023-01-27,2207.0,29065,3509.0,32050,2597.0,9345.5
2023-01-30,2171.0,29535,3450.0,29515,2577.0,9227.0
2023-01-31,2142.0,29400,3409.0,29250,2533.5,9075.0
2023-02-01,2145.0,30060,3439.5,29550,2611.0,9175.0
2023-02-02,2131.0,28735,3350.0,29250,2572.5,9114.0
2023-02-03,2113.5,29110,3361.0,28650,2560.0,9060.0
2023-02-06,2102.0,27450,3200.0,26805,2486.5,8891.5
2023-02-07,2069.0,26810,3137.0,27050,2472.5,8865.0
2023-02-08,2130.0,27300,3202.0,28050,2469.0,9006.0
2023-02-09,2130.0,27050,3180.0,27675,2424.5,8953.5
2023-02-10,2096.0,27710,3119.0,27550,2435.0,8905.0
2023-02-13,2089.0,26755,3042.0,27550,2382.5,8912.0
2023-02-14,2096.5,26900,3134.0,27125,2391.0,8931.5
2023-02-15,2062.5,25805,3067.0,26325,2367.0,8826.0
2023-02-16,2034.0,25860,3035.0,26700,2341.5,8892.0
2023-02-17,2048.0,25600,3037.0,26525,2335.0,8871.0
2023-02-20,2087.0,25955,3110.0,26100,2392.0,9015.0
2023-02-21,2156.0,26600,3170.0,26850,2430.5,9103.5
2023-02-22,2143.0,26225,3106.5,26850,2385.5,9121.0
2023-02-23,2089.5,25600,3087.0,26500,2368.5,9060.0
2023-02-24,2066.0,24850,3021.0,25925,2307.0,8807.0
2023-02-27,2107.0,24600,3034.5,25250,2314.0,8751.0
2023-02-28,2083.0,24820,3042.5,25110,2300.0,8844.0
2023-03-01,2138.0,25025,3091.5,25650,2364.0,9066.5
2023-03-02,2108.0,24160,3075.0,24850,2366.5,8896.0
2023-03-03,2138.0,24405,3090.0,24125,2361.5,8945.0
2023-03-06,2117.0,24450,3030.0,24350,2321.5,8819.0
2023-03-07,2088.0,23960,3012.0,24350,2312.5,8824.0
2023-03-08,2087.0,23500,2990.0,23495,2288.5,8810.0
2023-03-09,2076.0,23225,2967.5,23005,2291.0,8808.0
2023-03-10,2077.0,22675,2941.0,22500,2249.0,8755.0
2023-03-13,2063.0,22625,2905.0,22900,2236.5,8651.0
2023-03-14,2099.0,23255,2954.0,22550,2272.0,8905.0
2023-03-15,2079.0,22750,2864.5,22675,2246.0,8525.0
2023-03-16,2055.0,22650,2864.0,22225,2237.5,8535.0
2023-03-17,2067.5,23210,2933.0,22435,2232.0,8621.0
2023-03-20,2104.0,22675,2925.0,22800,2237.5,8677.0
2023-03-21,2130.0,22550,2897.0,23145,2235.0,8824.0
2023-03-22,2150.0,22300,2888.0,23300,2232.0,8880.5
2023-03-23,2146.5,21895,2894.0,23850,2265.0,8917.0
2023-03-24,2135.0,22795,2900.0,24375,2265.0,8927.0
2023-03-27,2125.0,23875,2914.0,25625,2298.0,8876.0
2023-03-28,2156.0,23600,2937.0,26050,2315.0,8934.0
2023-03-29,2182.0,24200,3035.0,26100,2366.0,9052.0
2023-03-30,2174.0,23185,2980.0,25900,2344.0,9038.5
2023-03-31,2145.0,23100,2906.5,26075,2336.5,8935.0
2023-04-03,2137.0,23560,2937.0,25900,2380.5,8966.0
2023-04-04,2122.0,22910,2893.0,25825,2341.5,8930.0
2023-04-05,2119.5,22710,2848.0,24675,2306.0,8780.0
2023-04-06,2128.0,22500,2810.5,24950,2300.5,8836.0
2023-04-11,2121.0,22850,2784.0,24050,2268.0,8837.5
2023-04-12,2142.0,22890,2751.0,23940,2258.5,8803.0
2023-04-13,2162.0,23210,2830.0,24795,2330.0,9001.5
2023-04-14,2185.0,24165,2902.0,24800,2356.0,9082.0
2023-04-17,2132.0,24455,2846.0,27225,2364.5,8985.0
2023-04-18,2159.0,24960,2855.0,27660,2401.0,8966.0
2023-04-19,2156.0,24465,2767.0,26750,2382.0,8875.0
2023-04-20,2184.0,25540,2755.5,27250,2410.0,8875.0
2023-04-21,2204.0,24335,2739.0,27000,2388.5,8816.0
2023-04-24,2164.0,24130,2670.0,26950,2354.5,8762.5
2023-04-25,2162.0,23865,2618.0,26270,2313.0,8521.0
2023-04-26,2123.0,23650,2614.5,25610,2339.5,8579.0
2023-04-27,2122.0,23655,2610.0,25950,2302.0,8465.5
2023-04-28,2162.0,23770,2680.0,26350,2342.0,8571.0
2023-05-02,2171.0,24235,2620.0,26800,2353.0,8573.0
2023-05-03,2145.0,25100,2609.0,27125,2330.0,8486.0
2023-05-04,2126.0,25100,2611.0,27000,2297.0,8539.0
2023-05-05,2104.0,23800,2630.0,26300,2277.5,8488.0
2023-05-09,2118.0,23930,2658.0,26325,2321.0,8583.0
2023-05-10,2122.5,23035,2612.0,26010,2276.0,8469.0
2023-05-11,2120.0,22250,2575.0,26075,2229.0,8267.0
2023-05-12,2094.0,22285,2516.0,25025,2230.5,8240.0
2023-05-15,2065.0,22200,2558.0,25700,2260.5,8287.0
2023-05-16,2060.0,21400,2473.5,24925,2235.5,8076.0
2023-05-17,2050.0,21320,2521.5,25150,2269.0,8176.0
2023-05-18,2049.5,21275,2482.0,25405,2312.0,8171.5
2023-05-19,2096.0,21465,2491.0,25550,2300.0,8222.0
2023-05-22,2095.0,21275,2433.0,25150,2262.0,8094.0
2023-05-23,2072.0,20760,2362.5,24300,2202.0,7961.0
2023-05-24,2057.0,20900,2306.0,24550,2234.0,7910.0
2023-05-25,2032.5,21125,2224.0,24725,2236.0,7922.0
2023-05-26,2059.0,21450,2320.0,25000,2242.0,8082.0
2023-05-30,2078.0,21235,2323.5,25705,2230.0,8122.0
2023-05-31,2035.5,20450,2228.0,25375,2255.0,8017.0
2023-06-01,1989.0,20850,2271.0,25575,2281.0,8210.5
2023-06-02,2010.0,21490,2302.0,26295,2263.5,8337.0
2023-06-05,2040.0,20610,2271.0,26000,2216.0,8265.0
2023-06-06,2035.0,21050,2290.0,26250,2172.0,8311.0
2023-06-07,2057.0,21005,2382.0,26050,2169.0,8352.0
2023-06-08,2029.5,21110,2371.0,25950,2187.5,8243.0
2023-06-09,2060.0,21390,2397.0,27075,2221.0,8368.0
2023-06-12,2090.0,21100,2356.5,26350,2188.0,8287.0
2023-06-13,2106.0,21250,2382.0,26625,2193.5,8421.5
2023-06-14,2147.0,22155,2450.0,27100,2200.0,8457.0
2023-06-15,2165.0,22725,2461.0,28900,2197.0,8479.0
2023-06-16,2174.0,23140,2485.0,28325,2224.5,8561.0
2023-06-19,2197.0,22465,2431.5,28600,2195.0,8542.0
2023-06-20,2185.0,21830,2375.0,28795,2184.5,8565.0
2023-06-21,2242.0,21350,2338.0,28595,2157.0,8490.0
2023-06-22,2222.0,21210,2442.5,28650,2190.5,8670.5
2023-06-23,2190.0,20895,2362.5,28195,2132.5,8490.0
2023-06-26,2159.0,20560,2331.5,26700,2116.0,8437.0
2023-06-27,2169.0,20335,2362.0,27650,2151.5,8367.0
2023-06-28,2130.5,19855,2348.0,27500,2141.5,8268.0
2023-06-29,2102.0,19745,2326.0,26900,2105.5,8165.5
2023-06-30,2105.0,20125,2363.0,27700,2096.5,8210.0
2023-07-03,2117.5,20160,2361.5,27700,2107.0,8355.0
2023-07-04,2115.0,20300,2370.0,28150,2102.5,8349.0
2023-07-05,2092.0,20175,2357.0,28050,2093.0,8251.0
2023-07-06,2059.0,21135,2365.0,29050,2103.5,8280.0
2023-07-07,2038.0,20370,2337.5,29050,2086.0,8299.0
2023-07-10,2066.0,20685,2341.5,28800,2096.0,8286.0
2023-07-11,2072.0,20460,2361.0,28750,2129.0,8371.0
2023-07-12,2077.0,20950,2360.0,28500,2147.5,8367.0
2023-07-13,2115.0,21150,2462.0,29450,2236.0,8585.0
2023-07-14,2114.0,21305,2413.0,29025,2225.0,8651.0
2023-07-17,2080.5,20710,2354.0,28800,2195.0,8460.5
2023-07-18,2094.0,20600,2348.0,28925,2169.5,8410.0
2023-07-19,2082.0,20700,2350.0,28350,2142.0,8354.0
2023-07-20,2082.0,21155,2402.0,29250,2172.0,8543.0
2023-07-21,2130.0,20810,2358.0,28900,2153.5,8422.0
2023-07-24,2136.5,20605,2366.0,28250,2155.0,8430.0
2023-07-25,2157.0,21350,2447.0,28875,2184.0,8597.0
2023-07-26,2140.0,21575,2455.0,28800,2170.5,8534.0
2023-07-27,2170.0,21395,2485.0,29450,2176.0,8578.5
2023-07-28,2157.0,21650,2485.0,28755,2161.5,8592.0
2023-07-31,2150.0,21625,2550.0,28900,2195.5,8635.5
2023-08-01,2152.0,22355,2554.0,27560,2217.0,8720.5
2023-08-02,2144.0,21700,2527.0,27250,2176.5,8545.0
2023-08-03,2139.5,21300,2462.5,27550,2147.0,8472.0
2023-08-04,2128.0,20980,2482.0,27925,2166.0,8450.5
2023-08-07,2143.0,21250,2500.0,27850,2178.0,8495.0
2023-08-08,2110.0,20650,2448.0,27550,2143.0,8276.0
2023-08-09,2119.0,20450,2500.0,27080,2153.0,8395.0
2023-08-10,2122.0,20225,2477.0,26775,2161.5,8423.5
2023-08-11,2118.0,20000,2415.5,25775,2127.0,8242.0
2023-08-14,2088.0,19825,2357.0,24975,2096.0,8242.0
2023-08-15,2099.0,19685,2313.0,24600,2085.5,8126.5
2023-08-16,2123.0,19850,2282.0,24730,2089.0,8132.0
2023-08-17,2144.0,19850,2312.0,25000,2131.0,8215.0
2023-08-18,2154.0,19925,2261.0,25050,2096.0,8176.0
2023-08-21,2168.0,20050,2270.5,24925,2068.5,8239.5
2023-08-22,2195.0,20215,2336.0,25900,2121.5,8342.0
2023-08-23,2190.0,20525,2328.5,25635,2129.0,8377.5
2023-08-24,2214.0,20400,2363.0,25750,2119.5,8358.5
2023-08-25,2178.0,20900,2375.5,25265,2124.0,8381.5
2023-08-29,2175.0,20355,2420.0,24800,2116.5,8375.0
2023-08-30,2221.0,20235,2425.5,24950,2140.5,8394.5
2023-08-31,2213.5,20225,2412.5,25000,2165.5,8359.5
2023-09-01,2306.0,20475,2457.0,25600,2184.0,8515.0
2023-09-04,2238.5,20550,2455.0,25560,2149.5,8406.0
2023-09-05,2274.0,20800,2456.0,26400,2136.5,8430.0
2023-09-06,2300.0,20550,2435.5,26100,2158.0,8395.0
2023-09-07,2287.0,20130,2428.5,25725,2135.0,8242.5
2023-09-08,2285.0,19905,2406.0,25335,2132.5,8225.0
2023-09-11,2314.0,20050,2437.5,25550,2154.0,8332.5
2023-09-12,2288.0,19830,2474.0,25205,2153.0,8337.5
2023-09-13,2260.0,19485,2453.5,25200,2156.5,8353.0
2023-09-14,2279.0,20255,2551.0,25650,2192.5,8423.0
2023-09-15,2281.0,19950,2532.5,25600,2155.5,8376.5
2023-09-18,2266.0,19745,2493.0,25550,2165.0,8320.0
2023-09-19,2236.0,19360,2476.5,25650,2174.5,8233.5
2023-09-20,2237.5,19635,2511.5,25800,2202.0,8277.0
2023-09-21,2204.0,18955,2475.0,25650,2166.5,8101.0
2023-09-22,2216.0,19050,2532.5,25325,2199.5,8188.0
2023-09-25,2240.0,18950,2504.0,26100,2182.5,8107.0
2023-09-26,2222.5,18675,2508.0,25625,2195.0,8066.0
2023-09-27,2185.5,18700,2464.0,25550,2196.0,8017.0
2023-09-28,2181.0,18650,2559.5,25355,2232.0,8112.0
2023-09-29,2209.0,18510,2640.5,24200,2307.5,8230.5
2023-10-02,2197.0,18510,2602.0,23900,2286.5,8100.5
2023-10-03,2141.0,18405,2511.5,24050,2257.0,7960.0
2023-10-04,2150.5,18600,2502.0,24000,2231.0,7910.5
2023-10-05,2141.5,18205,2455.0,24050,2195.5,7812.5
2023-10-06,2207.0,18280,2472.5,23965,2208.0,7887.0
2023-10-09,2176.5,18610,2474.5,24700,2193.0,8015.5
2023-10-10,2127.0,18260,2437.0,24500,2199.0,7907.5
2023-10-11,2132.0,18260,2440.5,24650,2179.0,7943.5
2023-10-12,2104.0,18435,2445.5,24900,2180.5,7995.0
2023-10-13,2067.0,18335,2424.0,25025,2176.0,7891.0
2023-10-16,2095.0,18460,2434.5,24725,2161.5,7920.0
2023-10-17,2085.0,18160,2377.0,24880,2148.5,7846.5
2023-10-18,2132.0,18470,2431.0,25450,2176.5,7947.5
2023-10-19,2117.0,18285,2408.0,25075,2150.5,7938.0
2023-10-20,2129.0,18350,2415.5,24405,2152.0,7876.0
2023-10-23,2171.0,18135,2404.0,24555,2144.5,7824.5
2023-10-24,2157.0,17800,2416.5,24835,2146.5,7900.5
2023-10-25,2134.0,18150,2458.0,24925,2188.5,7946.0
2023-10-26,2131.0,17900,2432.0,24750,2202.5,7939.0
2023-10-27,2141.0,18000,2445.5,24875,2170.5,7963.5
2023-10-30,2154.5,18180,2463.5,24825,2252.0,8110.0
2023-10-31,2110.5,17825,2432.5,24550,2235.0,8038.0
2023-11-01,2097.0,17750,2480.0,23550,2230.5,8041.0
2023-11-02,2100.0,17785,2513.5,23795,2218.0,8066.0
2023-11-03,2164.0,17810,2494.0,24150,2219.5,8070.5
2023-11-06,2166.5,17865,2559.5,24300,2254.0,8136.5
2023-11-07,2166.0,17585,2538.0,24275,2241.0,8068.0
2023-11-08,2201.0,17865,2604.5,24550,2258.5,8088.0
2023-11-09,2181.5,17650,2592.0,24640,2228.0,8030.5
2023-11-10,2190.0,17170,2584.0,24275,2205.5,8006.0
2023-11-13,2176.0,17000,2538.0,24750,2220.5,8014.5
2023-11-14,2159.5,17005,2539.0,24600,2194.0,8081.0
2023-11-15,2226.5,17155,2647.0,25100,2205.0,8169.0
2023-11-16,2268.5,16960,2573.0,25050,2182.5,8165.5
2023-11-17,2281.0,16780,2569.0,25000,2165.0,8141.0
2023-11-20,2285.0,16635,2563.0,24700,2192.0,8247.0
2023-11-21,2265.5,16560,2537.5,24750,2201.5,8324.0
2023-11-22,2238.5,16430,2500.0,24575,2194.5,8296.0
2023-11-23,2203.5,16280,2522.0,24200,2183.0,8307.5
2023-11-24,2189.0,15935,2544.5,24050,2179.0,8300.0
2023-11-27,2154.5,15885,2548.5,23550,2177.0,8281.0
2023-11-28,2128.0,16455,2530.0,22975,2164.5,8278.0
2023-11-29,2118.0,16660,2508.0,23120,2178.0,8384.0
2023-11-30,2112.0,16335,2478.0,22910,2157.5,8332.0
2023-12-01,2099.0,16655,2465.5,23250,2147.5,8456.0
2023-12-04,2088.0,16350,2471.0,23625,2148.5,8417.0
2023-12-05,2038.0,16060,2421.0,23750,2121.5,8259.0
2023-12-06,2007.0,16250,2432.0,24450,2117.5,8297.0
2023-12-07,1998.0,16000,2411.5,24400,2099.0,8221.0
2023-12-08,1995.0,16605,2409.0,24550,2111.0,8348.0
2023-12-11,1985.0,16305,2374.5,24260,2082.5,8275.5
2023-12-12,2044.0,16265,2437.0,24560,2090.5,8272.0
2023-12-13,2011.5,16100,2417.0,24555,2083.0,8205.0
2023-12-14,2034.5,16500,2507.0,25050,2137.0,8461.5
2023-12-15,2055.5,16740,2524.0,25225,2196.0,8471.0
2023-12-18,2052.0,16650,2549.5,24800,2213.0,8423.0
2023-12-19,2021.5,16460,2556.5,24750,2215.5,8439.0
2023-12-20,2045.0,16355,2561.5,24875,2192.0,8466.5
2023-12-21,2046.5,16670,2553.5,24775,2180.0,8460.0
2023-12-22,2040.0,16360,2576.0,25035,2234.5,8499.0
2023-12-27,2046.0,16355,2605.5,25075,2293.5,8511.5
2023-12-28,2054.0,16405,2620.0,25360,2313.5,8530.0
2023-12-29,2031.0,16300,2640.5,25175,2335.5,8476.0
2024-01-02,2033.0,16600,2607.0,25150,2336.5,8430.0
2024-01-03,2025.0,16210,2573.0,25050,2255.5,8381.0
2024-01-04,2012.0,16025,2531.0,24925,2235.5,8375.0
2024-01-05,2024.0,15705,2514.0,24200,2215.5,8346.5
2024-01-08,2030.0,15930,2486.0,24400,2205.5,8295.0
2024-01-09,2033.0,16150,2503.0,24300,2200.0,8301.5
2024-01-10,2050.5,15980,2491.0,24025,2204.0,8285.0
2024-01-11,2095.0,16250,2508.0,24300,2203.0,8332.0
2024-01-12,2058.0,16075,2480.0,24350,2175.0,8289.0
2024-01-15,2078.0,16200,2535.0,24550,2153.0,8238.5
2024-01-16,2086.0,15880,2518.5,24500,2158.5,8280.0
2024-01-17,2033.0,15765,2487.0,25025,2142.0,8230.0
2024-01-18,2030.0,15870,2440.5,25200,2130.5,8189.0
2024-01-19,2077.0,15935,2459.0,25550,2122.0,8275.0
2024-01-22,2087.0,15785,2438.5,25375,2110.0,8254.5
2024-01-23,2162.0,16010,2496.0,26000,2145.0,8283.5
2024-01-24,2175.5,16240,2564.5,26350,2207.5,8460.0
2024-01-25,2169.0,16360,2595.0,26450,2188.5,8486.0
2024-01-26,2149.0,16535,2582.0,26550,2212.0,8447.0
2024-01-29,2180.0,16285,2566.0,26350,2214.0,8421.0
2024-01-30,2165.0,16150,2546.0,26050,2226.5,8462.0
2024-01-31,2173.0,16070,2551.5,26000,2232.0,8513.0
2024-02-01,2162.0,15985,2478.0,25700,2212.5,8437.0
2024-02-02,2145.5,16125,2463.0,25475,2209.5,8400.0
2024-02-05,2132.0,15805,2419.0,24780,2183.5,8329.0
2024-02-06,2119.0,15620,2417.0,25075,2184.5,8280.0
2024-02-07,2119.0,15680,2401.0,25150,2195.5,8280.5
2024-02-08,2099.0,15755,2374.0,25600,2214.5,8202.0
2024-02-09,2050.0,15725,2322.0,25980,2180.5,8091.5
2024-02-12,2053.0,15755,2295.0,26650,2188.0,8085.5
2024-02-13,2017.0,15950,2297.0,27500,2204.0,8185.0
2024-02-14,2023.0,16115,2285.5,27265,2194.0,8133.5
2024-02-15,2057.0,16240,2321.5,27275,2205.0,8153.0
2024-02-16,2062.0,16090,2342.0,26950,2203.0,8322.0
2024-02-19,2044.5,16175,2343.0,26405,2185.0,8364.5
2024-02-20,2041.0,16135,2327.0,26250,2147.5,8366.5
2024-02-21,2082.0,16505,2360.0,26310,2211.5,8472.0
2024-02-22,2085.0,16985,2358.0,25975,2178.5,8482.0
2024-02-23,2097.0,17180,2348.5,26300,2157.0,8442.5
2024-02-26,2111.0,16985,2380.0,26100,2140.5,8373.0
2024-02-27,2113.0,17075,2398.0,26075,2146.0,8396.5
2024-02-28,2090.0,17140,2342.0,26100,2130.0,8340.5
2024-02-29,2067.0,17435,2382.0,26375,2163.0,8389.0
2024-03-01,2052.5,17175,2362.5,26150,2183.5,8394.0
2024-03-04,2028.0,17575,2393.0,26600,2182.5,8437.0
2024-03-05,2023.0,17600,2418.0,26500,2191.5,8429.5
2024-03-06,2060.0,17475,2446.0,27050,2187.5,8441.0
2024-03-07,2107.0,17660,2495.0,27550,2210.0,8559.0
2024-03-08,2125.0,17845,2501.5,27485,2209.0,8552.5
2024-03-11,2113.0,17910,2516.0,27450,2202.0,8522.0
2024-03-12,2134.0,18135,2535.0,27600,2213.5,8566.0
2024-03-13,2164.0,18165,2524.0,27625,2224.0,8727.0
2024-03-14,2142.0,17755,2519.5,28055,2205.0,8791.5
2024-03-15,2107.0,18000,2524.0,28410,2218.5,8906.5
2024-03-18,2094.0,17680,2515.5,28550,2224.5,8973.0
2024-03-19,2042.0,17500,2467.0,27805,2202.5,8875.0
2024-03-20,2015.5,17300,2462.0,26900,2231.5,8790.0
2024-03-21,2031.0,17430,2501.0,27700,2264.0,8873.5
2024-03-22,1992.5,17160,2449.0,27550,2246.5,8741.0
2024-03-25,1992.0,16865,2437.0,27525,2267.5,8745.0
2024-03-26,1982.5,16565,2425.0,27410,2275.5,8764.0
2024-03-27,1968.0,16330,2366.0,27355,2238.0,8696.0
2024-03-28,1965.0,16530,2391.0,27650,2270.0,8729.0
2024-04-02,2001.0,17000,2437.0,27845,2322.5,8920.0
2024-04-03,2023.0,16870,2430.0,28025,2334.0,8932.0
2024-04-04,2084.5,17230,2551.5,28450,2394.5,9257.0
2024-04-05,2091.0,17475,2587.5,28705,2391.0,9198.0
2024-04-08,2111.0,17700,2627.0,29395,2417.0,9301.0
2024-04-09,2119.5,17780,2660.0,30585,2403.0,9295.5
2024-04-10,2139.0,18585,2731.5,32925,2429.0,9365.0
2024-04-11,2127.5,17715,2712.0,31850,2410.5,9240.5
2024-04-12,2140.5,17780,2848.0,32975,2443.0,9402.0
2024-04-15,2142.0,17855,2772.0,32950,2520.5,9390.0
2024-04-16,2146.0,17625,2703.0,32200,2512.0,9377.0
2024-04-17,2116.0,17870,2788.5,32640,2581.0,9434.0
2024-04-18,2155.0,18210,2812.5,34025,2600.0,9617.0
2024-04-19,2160.0,19045,2833.0,35685,2645.5,9749.0
2024-04-22,2148.0,19015,2792.5,35250,2654.0,9814.5
2024-04-23,2111.0,18785,2745.0,32600,2585.0,9599.0
2024-04-24,2164.0,18985,2796.0,32085,2585.5,9671.0
2024-04-25,2186.0,18855,2861.5,32450,2586.5,9791.0
2024-04-26,2196.5,19180,2846.0,33125,2559.5,9869.0
2024-04-29,2177.5,19115,2882.0,32675,2536.5,9935.0
2024-04-30,2184.0,18975,2924.5,32300,2545.0,9973.5
2024-05-01,2155.5,18620,2835.0,31150,2554.5,9791.0
2024-05-02,2144.0,18405,2859.0,31375,2510.0,9660.0
2024-05-03,2156.0,18760,2891.0,32050,2517.0,9737.0
2024-05-07,2197.0,18755,2885.0,32575,2512.5,9847.0
2024-05-08,2187.0,18510,2860.0,32650,2488.0,9740.0
2024-05-09,2175.5,18625,2858.0,32400,2494.0,9728.0
2024-05-10,2192.5,18725,2913.0,32895,2515.0,9942.0
2024-05-13,2184.0,18910,2930.0,32675,2510.0,10009.0
2024-05-14,2201.0,18940,2935.5,33300,2477.5,10077.0
2024-05-15,2228.0,19050,2954.0,34100,2529.5,10221.0
2024-05-16,2227.5,19335,2936.0,33625,2538.5,10308.0
2024-05-17,2237.0,20735,2929.0,34190,2544.0,10398.0
2024-05-20,2283.5,21270,3047.0,34575,2568.0,10857.0
2024-05-21,2291.0,21275,3093.0,34105,2645.0,10775.0
2024-05-22,2290.0,20330,3030.0,33350,2625.0,10447.0
2024-05-23,2235.0,19800,3007.0,33125,2551.0,10290.5
2024-05-24,2248.5,19955,3012.5,33725,2599.0,10256.5
2024-05-28,2283.0,20065,3055.0,33950,2653.0,10331.0
2024-05-29,2260.0,20255,3060.0,33955,2695.0,10294.0
2024-05-30,2224.5,19770,2985.0,33150,2665.5,10016.5
2024-05-31,2246.0,19830,2994.5,33300,2677.0,9985.0
2024-06-03,2224.0,19325,2929.0,32600,2625.0,9985.5
2024-06-04,2205.0,18900,2869.0,32000,2603.0,9858.5
2024-06-05,2176.0,18340,2823.0,31375,2577.0,9769.0
2024-06-06,2188.0,18130,2842.5,31900,2587.0,9930.0
2024-06-07,2179.0,17950,2834.0,32105,2578.5,9840.0
2024-06-10,2128.0,17835,2759.0,31700,2515.5,9694.5
2024-06-11,2122.5,17650,2727.0,31750,2475.0,9567.0
2024-06-12,2108.0,17525,2765.0,32750,2476.0,9697.5
2024-06-13,2111.0,17550,2809.0,33150,2498.0,9733.0
2024-06-14,2109.0,17275,2732.0,32410,2465.5,9650.0
2024-06-17,2105.0,17080,2757.0,31800,2420.5,9477.0
2024-06-18,2107.0,16990,2732.0,31775,2427.5,9426.0
2024-06-19,2189.0,17025,2817.0,32150,2445.0,9652.0
2024-06-20,2138.0,17140,2811.5,32575,2461.0,9648.0
2024-06-21,2145.0,16935,2786.0,32650,2452.5,9563.0
2024-06-24,2147.0,16955,2799.0,32595,2454.5,9530.0
2024-06-25,2116.0,16855,2808.0,32645,2451.5,9492.0
2024-06-26,2159.0,16910,2861.0,31560,2444.0,9420.0
2024-06-27,2140.0,16835,2876.5,32085,2458.5,9422.5
2024-06-28,2160.0,16960,2919.5,33000,2485.5,9476.5
2024-07-01,2185.0,17220,2912.0,32840,2496.5,9517.0
2024-07-02,2198.0,17185,2873.0,32900,2489.5,9546.5
2024-07-03,2171.0,17110,2915.0,33100,2487.0,9623.0
2024-07-04,2172.0,16950,2948.0,33225,2493.5,9726.5
2024-07-05,2191.0,17175,2955.0,33595,2495.5,9809.0
2024-07-06,2191.0,17175,2955.0,33595,2495.5,9809.0
2024-07-08,2207.5,17130,2926.0,34450,2475.5,9808.0
2024-07-09,2155.0,16980,2872.0,34325,2468.5,9762.0
2024-07-10,2136.0,16750,2870.0,34900,2432.0,9696.0
2024-07-11,2131.0,16630,2902.5,35600,2428.5,9693.5
2024-07-12,2129.0,16625,2870.0,33950,2422.0,9673.0
2024-07-15,2138.0,16420,2904.0,33600,2404.0,9679.5
2024-07-16,2134.0,16435,2861.0,32950,2377.0,9565.5
2024-07-17,2203.0,16370,2819.0,33300,2363.0,9533.0
2024-07-18,2153.0,16205,2737.0,31700,2335.0,9342.0
2024-07-19,2100.0,16105,2717.0,30695,2312.0,9214.0
2024-07-22,2050.5,15850,2660.5,30200,2259.0,9127.5
2024-07-23,2032.0,15765,2638.5,29050,2264.0,9052.5
2024-07-24,2033.0,15650,2653.0,30050,2266.0,9018.5
2024-07-25,2001.0,15470,2598.0,29080,2218.5,8917.0
2024-07-26,2031.0,15550,2609.0,29410,2229.0,9018.5
2024-07-29,2054.0,15585,2614.0,29155,2203.5,8906.0
2024-07-30,2001.0,15700,2570.5,28405,2161.5,8809.0
2024-07-31,2024.0,16255,2634.5,29610,2252.0,9014.5
2024-08-01,2047.0,15870,2621.5,29635,2228.5,8998.0
2024-08-02,2000.0,16155,2628.0,30200,2214.5,8977.0
2024-08-05,1917.0,15660,2522.0,28900,2167.0,8620.5
2024-08-06,1905.0,16095,2541.0,29400,2205.0,8715.0
2024-08-07,1918.0,16075,2516.0,29800,2202.5,8685.0
2024-08-08,1919.0,16000,2580.0,30125,2204.5,8649.0
2024-08-09,1990.0,16085,2697.0,31900,2263.0,8805.0
2024-08-12,2031.0,15930,2714.0,32010,2268.0,8851.0
2024-08-13,1971.0,15970,2637.0,31360,2256.5,8832.0
2024-08-14,1959.0,16035,2679.0,31410,2299.0,8906.0
2024-08-15,2005.0,16180,2711.0,31750,2301.0,9009.0
2024-08-16,1975.0,15905,2694.0,31560,2293.5,8938.0
2024-08-19,2004.0,16285,2745.5,32410,2369.5,9115.5
2024-08-20,2030.0,16600,2772.0,32650,2435.0,9152.0
2024-08-21,2052.0,16640,2797.5,32535,2443.0,9138.0
2024-08-22,2062.0,16330,2828.0,32755,2471.0,9061.0
2024-08-23,2086.0,16410,2841.5,32825,2499.0,9072.0
2024-08-27,2095.0,16835,2885.0,33085,2520.0,9247.5
2024-08-28,2045.0,16630,2813.0,32475,2479.5,9135.5
2024-08-29,2013.0,16735,2820.0,32545,2437.5,9116.0
2024-08-30,2026.5,16820,2862.0,32425,2463.5,9215.0
2024-09-02,2020.0,16445,2778.0,31300,2390.5,9034.0
2024-09-03,2006.0,16285,2750.0,30875,2382.0,8856.0
2024-09-04,1989.0,16030,2733.5,30200,2367.5,8830.5
2024-09-05,1977.0,15770,2687.5,30300,2366.0,8915.0
2024-09-06,1953.0,15830,2714.5,31500,2368.0,9013.0
2024-09-09,1915.0,15655,2682.0,31050,2318.0,8989.5
2024-09-10,1912.0,15610,2653.0,30750,2323.0,8935.0
2024-09-11,1960.0,15700,2727.0,31100,2354.5,9007.5
2024-09-12,1998.0,15875,2810.0,31400,2390.5,9115.5
2024-09-13,1991.0,15665,2798.5,31750,2405.0,9080.5
2024-09-16,2019.0,15950,2896.5,31895,2505.0,9216.0
2024-09-17,1983.0,15955,2884.0,31750,2505.5,9242.0
2024-09-18,1997.5,15975,2889.0,31600,2520.0,9289.0
2024-09-19,2046.0,16110,2892.0,31925,2523.0,9405.5
2024-09-20,2033.0,16175,2862.0,32150,2477.0,9395.0
2024-09-23,2011.5,16350,2839.0,32050,2455.0,9329.0
2024-09-24,2050.0,16430,2943.0,32500,2542.0,9602.0
2024-09-25,2044.0,16450,2957.5,32250,2512.0,9618.5
2024-09-26,2101.0,16555,3038.5,32400,2560.0,9844.0
2024-09-27,2078.0,16655,3045.5,32450,2609.5,9860.0
2024-09-30,2070.5,17005,3075.5,33325,2611.0,9767.0
2024-10-01,2075.5,17320,3108.5,33550,2635.0,9741.0
2024-10-02,2091.0,17730,3132.0,34275,2635.0,9882.5
2024-10-03,2092.0,17920,3134.5,33810,2638.0,9786.0
2024-10-04,2107.0,17600,3144.0,33805,2654.0,9784.0
2024-10-07,2110.5,17875,3154.0,34100,2655.5,9816.5
2024-10-08,2053.5,17420,3083.0,33175,2569.0,9619.0
2024-10-09,2021.0,17275,3001.0,32600,2530.0,9550.0
2024-10-10,2008.0,17150,3017.0,32560,2550.5,9507.0
2024-10-11,2047.0,17615,3108.0,33150,2645.0,9596.5
2024-10-14,2008.0,17335,3047.0,32500,2566.0,9516.0
2024-10-15,1994.0,17175,2998.0,31900,2522.0,9401.5
2024-10-16,2075.0,17070,3072.0,32500,2557.5,9489.0
2024-10-17,2038.0,16630,3008.0,31310,2524.5,9380.0
2024-10-18,2034.5,16780,3082.0,31500,2553.0,9472.5
2024-10-21,2035.0,16715,3123.0,31395,2582.5,9592.5
2024-10-22,2051.0,16310,3152.0,30895,2609.0,9490.5
2024-10-23,2019.0,15860,3165.5,31000,2625.0,9364.0
2024-10-24,2039.0,16035,3237.5,31250,2643.0,9413.0
2024-10-25,2021.0,15920,3078.0,31175,2600.5,9385.0
2024-10-28,1990.0,15810,3105.0,31350,2610.0,9402.0
2024-10-29,1965.0,15705,3162.0,31145,2617.5,9431.0
2024-10-30,1975.0,15725,3153.0,30850,2623.0,9356.0
2024-10-31,1977.0,15530,3102.0,31200,2617.5,9427.0
2024-11-01,2022.0,15840,3062.5,31475,2613.5,9425.0
2024-11-04,2000.5,15710,3029.0,32100,2581.0,9505.0
2024-11-05,2000.0,15965,3053.0,32050,2605.5,9587.5
2024-11-06,1979.0,15615,2955.5,31400,2549.5,9250.5
2024-11-07,2004.0,16260,3052.0,31605,2652.5,9386.0
2024-11-08,1997.0,16105,2967.0,31550,2600.5,9323.0
2024-11-11,1984.5,15910,2981.0,31750,2555.0,9251.0
2024-11-12,1981.0,15780,2917.5,29950,2530.0,9005.0
2024-11-13,1987.0,15555,2925.0,29800,2514.0,8969.0
2024-11-14,1937.0,15335,2903.0,29025,2504.0,8768.0
2024-11-15,1936.0,15500,3006.0,29175,2641.0,9055.0
2024-11-18,1921.0,15290,2927.0,28675,2563.0,8859.5
2024-11-19,1946.0,15630,2944.0,28625,2583.5,8919.5
2024-11-20,2006.0,15805,2967.5,29150,2654.5,9022.0
2024-11-21,1975.0,15705,2987.0,28825,2591.0,8945.5
2024-11-22,1985.0,15610,2965.0,28535,2589.0,8829.0
2024-11-25,2009.0,15810,3011.0,29010,2616.0,8918.0
2024-11-26,2000.0,15895,3083.0,28775,2590.5,8925.0
2024-11-27,2011.0,15675,3107.5,28060,2577.0,8897.5
2024-11-28,2033.0,15805,3045.0,27300,2564.0,8850.5
2024-11-29,2043.0,15745,3092.0,28300,2572.0,8879.0
2024-12-02,2040.0,15545,3085.5,28280,2564.5,8871.0
2024-12-03,2031.0,15720,3079.0,28450,2577.0,8941.0
2024-12-04,2054.0,15760,3077.0,28525,2583.0,8951.0
2024-12-05,2066.0,15775,3099.0,28860,2620.5,8967.0
2024-12-06,2071.5,15800,3062.0,28955,2555.0,9040.0
2024-12-09,2063.0,15710,3110.5,29050,2556.0,9104.0
2024-12-10,2037.0,15535,3105.5,29600,2553.0,9067.0
2024-12-11,2037.0,15580,3092.5,29625,2556.0,9077.0
2024-12-12,1990.0,15980,3061.0,29550,2555.0,9038.5
2024-12-13,1976.0,15810,3083.0,29305,2567.5,8989.0
2024-12-16,1976.5,15590,3062.0,29025,2543.0,8932.0
2024-12-17,1963.5,15380,3020.0,28950,2497.0,8851.5
2024-12-18,1952.5,15320,2988.0,29000,2483.5,8905.5
2024-12-19,1947.0,14965,2962.0,28205,2470.0,8795.5
2024-12-20,1946.0,14965,2958.0,28475,2483.0,8793.0
2024-12-23,1973.0,15200,2997.0,28725,2504.0,8838.0
2024-12-24,1963.5,15260,3022.5,28475,2541.5,8847.5
2024-12-27,1944.0,15085,2995.5,28700,2513.0,8843.0
2024-12-30,1928.0,15330,3026.0,28900,2529.5,8833.0
2024-12-31,1921.5,15100,2974.0,28900,2516.5,8706.0
2025-01-02,1915.0,15010,2926.5,28225,2536.0,8685.5
2025-01-03,1898.0,14770,2864.5,28625,2475.0,8701.0
2025-01-06,1918.0,15070,2879.0,29250,2480.0,8893.5
2025-01-07,1907.0,15120,2844.0,29550,2484.0,8886.0
2025-01-08,1920.0,15180,2798.0,30050,2474.0,8847.0
2025-01-09,1907.0,15185,2821.0,29945,2502.5,8960.5
2025-01-10,1949.0,15400,2856.5,29825,2560.5,8995.5
2025-01-13,1926.0,15560,2839.0,29605,2573.0,8980.0
2025-01-14,1914.5,15600,2831.0,29550,2554.5,9016.0
2025-01-15,1907.0,15630,2792.0,29125,2562.0,9020.0
2025-01-16,1930.0,15665,2824.0,29550,2628.0,9135.0
2025-01-17,1936.0,15840,2884.0,29400,2658.5,9132.0
2025-01-20,1948.5,15680,2891.0,29350,2675.0,9043.5
2025-01-21,1915.0,15850,2887.0,30200,2635.5,9067.0
2025-01-22,1943.0,15580,2851.5,30035,2611.0,9123.0
2025-01-23,1923.0,15510,2818.0,29850,2605.5,9056.0
2025-01-24,1926.0,15470,2821.5,30125,2640.0,9218.0
2025-01-27,1913.0,15505,2791.0,30000,2616.5,9051.0
2025-01-28,1897.0,15240,2746.5,29620,2572.0,8890.5
2025-01-29,1931.5,15230,2720.5,29775,2590.5,8881.0
2025-01-30,1935.0,15195,2756.0,30060,2617.0,8975.0
2025-01-31,1920.0,15040,2711.0,29885,2598.0,8949.5
2025-02-03,1907.0,14900,2699.0,29565,2584.0,8866.5
2025-02-04,1906.5,14895,2760.0,30175,2634.0,8993.0
2025-02-05,1954.0,15180,2718.5,30285,2610.0,9025.0
2025-02-06,1971.0,15525,2770.0,31100,2638.0,9165.0
2025-02-07,1981.0,15575,2816.0,31110,2639.5,9288.0
2025-02-10,1947.5,15400,2786.0,31200,2640.0,9287.5
2025-02-11,1950.0,15175,2763.0,30875,2647.0,9245.0
2025-02-12,1933.0,15200,2815.0,31575,2628.5,9277.5
2025-02-13,1948.0,15100,2811.0,31635,2627.0,9362.0
2025-02-14,1951.0,15360,2845.0,32575,2662.0,9812.0
2025-02-17,1967.0,15175,2803.0,32485,2660.0,9291.0
2025-02-18,1952.0,15135,2836.0,32850,2661.0,9295.0
2025-02-19,1940.0,15130,2851.0,32625,2709.5,9433.0
2025-02-20,1970.5,15405,2880.0,33055,2720.0,9514.5
2025-02-21,1956.0,15300,2859.0,33450,2702.0,9494.0
2025-02-24,1970.5,15335,2840.0,33700,2673.0,9490.0
2025-02-25,1955.0,15150,2778.5,33125,2669.0,9463.0
2025-02-26,1984.0,15450,2793.5,32995,2670.5,9504.0
2025-02-27,1981.0,15645,2801.5,31795,2655.0,9415.5
2025-02-28,1980.5,15460,2768.0,31350,2637.5,9363.5
2025-03-03,1972.0,15600,2806.5,31375,2624.0,9360.5
2025-03-04,1990.0,15760,2798.0,31810,2634.0,9395.0
2025-03-05,1995.0,15675,2827.0,31825,2653.0,9541.0
2025-03-06,2021.0,15990,2888.0,32050,2709.0,9654.0
2025-03-07,2005.0,16050,2850.5,32360,2693.0,9664.0
2025-03-10,2032.0,16420,2827.0,32600,2716.0,9547.0
2025-03-11,2029.0,16295,2875.0,32825,2725.0,9628.0
2025-03-12,2062.0,16460,2936.0,33425,2737.0,9766.0
2025-03-13,2050.0,16230,2906.0,33400,2694.0,9702.5
2025-03-14,2067.0,16450,2966.0,35635,2713.0,9759.0
2025-03-17,2075.0,16310,2948.5,35210,2715.0,9748.0
2025-03-18,2074.5,16060,2897.0,35310,2681.0,9834.0
2025-03-19,2081.0,16350,2915.5,35100,2687.0,9914.0
2025-03-20,2040.5,16010,2899.0,35200,2685.5,9911.5
2025-03-21,2020.0,15915,2906.5,34785,2652.0,9829.0
2025-03-24,2022.0,15895,2947.0,34625,2640.5,9978.0
2025-03-25,2044.5,15785,2947.5,34650,2608.0,9982.0
2025-03-26,2068.0,15975,2930.5,34810,2600.0,9884.0
2025-03-27,2046.0,16040,2892.0,35150,2557.0,9787.0
2025-03-28,2011.5,16160,2852.0,36500,2559.0,9795.0
2025-03-31,2002.0,15715,2829.0,35905,2518.5,9673.0
2025-04-01,1973.0,15850,2817.0,37200,2499.0,9652.0
2025-04-02,1949.5,15795,2774.0,38575,2480.0,9646.0
2025-04-03,1931.0,15650,2724.5,37195,2436.5,9397.0
2025-04-04,1892.0,15050,2648.5,36050,2355.5,8830.5
2025-04-07,1863.0,14360,2576.5,34700,2350.0,8825.0
2025-04-08,1857.0,14270,2612.0,33650,2366.0,8760.0
2025-04-09,1820.0,13815,2534.0,29625,2285.0,8539.0
2025-04-10,1867.0,14590,2622.0,31150,2343.5,8978.0
2025-04-11,1881.5,15015,2651.0,31300,2364.0,9180.0
2025-04-14,1897.0,15175,2628.0,31550,2355.5,9212.5
2025-04-15,1917.0,15360,2608.0,30730,2333.5,9094.0
2025-04-16,1884.0,15400,2544.0,30700,2332.5,9083.0
2025-04-17,1891.0,15425,2521.0,30500,2327.5,9104.0
2025-04-22,1912.0,15525,2567.0,31100,2355.5,9293.5
2025-04-23,1920.0,15550,2608.0,30800,2384.0,9416.5
2025-04-24,1929.0,15625,2636.0,31300,2410.0,9410.5
2025-04-25,1936.0,15530,2618.0,32100,2412.0,9364.0
2025-04-28,1961.0,15450,2599.0,31975,2400.0,9365.5
2025-04-29,1954.0,15380,2625.0,32025,2430.0,9487.5
2025-04-30,1947.5,15375,2593.0,31600,2405.0,9204.0
2025-05-01,1948.0,15005,2567.5,30710,2377.5,9195.0
2025-05-02,1947.0,15325,2581.5,30855,2401.5,9376.0
2025-05-06,1924.0,15440,2584.0,31700,2404.0,9500.0
2025-05-07,1912.5,15355,2583.5,31350,2363.5,9486.0
2025-05-08,1925.0,15375,2562.0,31900,2363.5,9413.0
2025-05-09,1992.0,15460,2622.0,31745,2401.0,9485.5
2025-05-12,1998.5,15485,2686.0,32605,2468.5,9590.0
2025-05-13,1987.0,15475,2638.5,32620,2470.0,9590.0
2025-05-14,1994.0,15725,2738.0,33025,2530.0,9649.5
2025-05-15,1977.0,15475,2691.0,32950,2480.5,9537.5
2025-05-16,1995.0,15435,2681.0,32835,2473.5,9534.0
2025-05-19,1970.5,15310,2658.5,32950,2450.5,9545.0
2025-05-20,1957.0,15350,2666.0,32885,2458.5,9530.0
2025-05-21,1944.5,15330,2680.5,33025,2460.5,9532.5
2025-05-22,1928.5,15250,2662.0,32400,2445.5,9493.0
2025-05-23,1958.0,15205,2651.0,32695,2437.0,9595.0
2025-05-27,1964.0,15275,2672.0,32455,2470.5,9653.0
2025-05-28,1960.0,14965,2685.0,31765,2479.0,9682.0
2025-05-29,1957.0,15105,2682.0,31625,2468.0,9641.5
2025-05-30,1926.0,15150,2631.0,30775,2445.0,9623.0
2025-06-02,1957.0,15145,2653.0,30350,2451.0,9655.0
2025-06-03,1952.0,15200,2667.0,31250,2446.0,9643.0
2025-06-04,1965.0,15280,2679.0,31960,2473.0,9673.5
2025-06-05,1965.0,15285,2655.0,32000,2472.5,9834.0
2025-06-06,1955.0,15225,2629.0,32375,2431.5,9795.0
2025-06-09,1964.0,15240,2617.0,32575,2468.5,9849.0
2025-06-10,1958.0,15070,2616.0,32695,2482.0,9854.0
2025-06-11,1957.5,15030,2633.0,32695,2511.5,9730.0
2025-06-12,1966.0,14940,2615.0,32725,2510.0,9779.0
2025-06-13,1954.0,14970,2562.5,32475,2485.0,9658.0
2025-06-16,1973.0,15000,2634.0,32525,2508.5,9738.0
2025-06-17,1951.0,14820,2612.5,32325,2530.0,9820.5
2025-06-18,1945.0,14785,2603.0,32205,2545.5,9841.0
2025-06-19,1958.0,14850,2599.0,32200,2525.5,9712.0
2025-06-20,1956.5,14770,2616.0,32400,2529.0,9945.0
2025-06-23,1979.0,14605,2646.0,32675,2599.0,10035.0
2025-06-24,2002.0,14745,2687.0,32675,2572.5,9930.5
2025-06-25,2020.0,14805,2692.0,32610,2555.5,9810.0
2025-06-26,2017.5,14960,2736.0,33400,2573.5,10115.0
2025-06-27,2010.0,15030,2753.0,34025,2583.0,10051.0
2025-06-30,2025.0,15020,2764.0,33845,2593.0,10040.0
2025-07-01,2014.5,14965,2719.0,34075,2604.0,10061.0
2025-07-02,2022.5,15085,2710.5,33645,2602.0,10045.0
2025-07-03,2030.5,15250,2727.5,33850,2604.0,10120.0
2025-07-04,2041.0,15120,2714.0,33775,2587.0,9970.5
2025-07-07,2013.0,14920,2672.0,33535,2566.0,9893.0
2025-07-08,2032.5,14940,2699.0,33525,2587.0,9925.0
2025-07-09,2017.0,14825,2717.5,33325,2580.0,9635.0
2025-07-10,2029.0,15100,2783.0,33800,2609.0,9752.0
2025-07-11,1995.0,14955,2743.0,33500,2591.5,9637.5
2025-07-14,1965.5,14885,2711.0,33555,2586.0,9555.0
2025-07-15,1967.0,14840,2699.0,33400,2594.0,9564.0
2025-07-16,1953.0,14800,2677.0,32700,2568.0,9563.0
2025-07-17,1940.0,14800,2701.0,32735,2557.0,9586.0
2025-07-18,1978.0,14900,2780.5,33160,2591.5,9667.0
2025-07-21,1976.5,15275,2846.0,33775,2649.0,9773.5
2025-07-22,1978.0,15280,2822.0,33800,2638.5,9818.5
2025-07-23,2007.0,15330,2862.0,34550,2645.0,9862.0
2025-07-24,2007.0,15330,2854.0,34955,2646.5,9861.0
2025-07-25,2008.0,15245,2844.5,34995,2657.0,9788.0
2025-07-28,2007.5,15050,2816.0,34100,2632.5,9783.0
2025-07-29,1983.5,14950,2791.0,33610,2609.0,9733.5
2025-07-30,1976.0,14890,2795.0,33785,2611.0,9699.5
2025-07-31,1940.0,14800,2769.0,32800,2580.0,9606.0
2025-08-01,1926.0,14600,2707.0,33185,2545.0,9535.5
2025-08-04,1927.5,14880,2736.0,33450,2575.0,9622.5
2025-08-05,1919.5,14755,2754.5,33150,2568.0,9576.5
2025-08-06,1952.0,14940,2777.5,33525,2589.5,9604.5
2025-08-07,1974.0,14980,2808.0,33655,2617.0,9636.5
2025-08-08,1963.0,14885,2811.0,33900,2609.0,9627.0
2025-08-11,1958.5,15045,2803.5,33675,2586.5,9643.5
2025-08-12,1974.0,14985,2826.5,33750,2605.0,9661.5
2025-08-13,1969.5,15135,2841.5,33850,2626.0,9746.5
2025-08-14,1942.5,14880,2824.0,33575,2608.5,9665.5
2025-08-15,1945.5,14910,2811.5,33750,2600.0,9621.0
2025-08-18,1925.0,14900,2787.0,33950,2586.5,9626.5
2025-08-19,1932.0,14885,2758.0,33995,2572.5,9621.5
2025-08-20,1929.0,14780,2763.0,33800,2567.0,9576.5
2025-08-21,1932.0,14770,2762.0,33500,2570.5,9611.0
2025-08-22,1946.0,14745,2772.0,33550,2589.0,9643.0
2025-08-26,1951.5,14975,2789.0,34100,2611.5,9707.5
2025-08-27,1949.0,14925,2775.0,34605,2618.0,9682.0
2025-08-28,1944.0,15015,2764.5,34900,2615.0,9703.5
2025-08-29,1943.0,15190,2815.5,35535,2621.0,9805.0
2025-09-01,1955.0,15265,2840.0,35150,2612.5,9804.5
2025-09-02,1947.0,15100,2874.0,35080,2615.0,9773.5
2025-09-03,1958.0,15110,2888.0,35000,2617.0,9873.0
2025-09-04,1954.0,15070,2848.0,34695,2606.0,9813.0
2025-09-05,1954.0,15110,2889.5,34785,2616.0,9881.0
2025-09-08,1946.0,15095,2884.5,34625,2613.5,9810.5
2025-09-09,1942.5,14970,2877.0,34300,2621.0,9822.5
2025-09-10,1938.0,14940,2892.0,34600,2623.5,9847.0
2025-09-11,1943.5,14900,2908.0,34800,2656.0,9926.0
2025-09-12,1957.0,15175,2950.0,34775,2707.0,10004.5
2025-09-15,1962.0,15285,2979.0,34750,2693.5,9986.0
2025-09-16,1953.5,15235,3019.0,34675,2736.5,10071.5
2025-09-17,1950.0,15075,2975.5,34250,2691.0,9894.0
2025-09-18,1969.0,15100,2958.0,33600,2693.0,9895.0
2025-09-19,1964.0,15135,2927.0,33800,2689.5,9904.0
2025-09-22,1964.0,15020,2985.0,34150,2667.0,9921.5
2025-09-23,1945.0,15100,2910.5,33875,2646.0,9900.0
2025-09-24,1959.0,15100,2923.5,34050,2623.0,9862.0
2025-09-25,1965.5,15285,3012.0,34430,2661.5,10312.0
2025-09-26,1957.5,15035,2935.0,34450,2642.5,10125.5
2025-09-29,1957.0,15065,2974.5,34755,2672.0,10233.0
2025-09-30,1957.0,15075,3010.0,35285,2668.5,10300.0
2025-10-01,1958.0,14965,3027.0,36000,2683.5,10263.0
2025-10-02,1987.5,15110,3102.0,36375,2700.0,10455.0
2025-10-03,1985.0,15230,3057.0,37700,2703.0,10537.5
2025-10-06,1968.0,15185,3071.0,36750,2713.0,10609.5
2025-10-07,1969.0,15310,3086.0,36585,2713.5,10643.0
2025-10-08,1967.0,15190,3092.5,36505,2750.5,10738.0
2025-10-09,1992.0,15325,3111.0,36900,2786.5,10866.5
2025-10-10,1978.0,15175,3113.0,36500,2799.5,10735.0
2025-10-13,1956.5,15040,3119.0,35925,2774.0,10617.5
2025-10-14,1940.0,14910,3049.0,35175,2734.0,10600.0
2025-10-15,1951.5,15050,3151.0,35600,2752.5,10702.0
2025-10-16,1940.0,14975,3100.0,35360,2775.0,10495.0
2025-10-17,1936.0,14930,3080.0,35075,2789.5,10527.5
2025-10-20,1938.0,14925,3159.0,34775,2773.0,10581.0
2025-10-21,1949.0,14985,3326.0,35400,2781.0,10612.0
2025-10-22,1953.0,14935,3325.0,35555,2818.0,10600.0
2025-10-23,1973.0,15110,3221.0,35750,2845.0,10797.0
2025-10-24,1979.0,15085,3227.0,35925,2853.0,10807.0
2025-10-27,1987.0,15155,3280.0,36435,2879.0,10987.0
2025-10-28,1977.0,15035,3165.0,36200,2859.0,10917.0
2025-10-29,1999.0,15130,3259.0,36260,2891.5,11067.5
2025-10-30,1986.0,15025,3139.5,36005,2826.0,10949.0
2025-10-31,2000.0,15055,3170.0,36300,2885.0,10901.5
2025-11-03,1995.0,14970,3190.0,36355,2903.0,10872.5
2025-11-04,1990.0,14940,3241.0,36100,2853.0,10600.5
2025-11-05,2003.0,14840,3189.0,35610,2838.5,10603.0
2025-11-06,2000.5,14920,3186.0,35975,2861.5,10723.0
2025-11-07,2045.0,14870,3190.0,36050,2841.0,10720.0
2025-11-10,2043.5,14920,3296.0,36240,2867.5,10800.0
2025-11-11,2037.0,14850,3172.0,36300,2841.0,10777.0
2025-11-12,2044.0,14845,3179.5,37000,2856.0,10833.0
2025-11-13,2058.5,14855,3180.0,37650,2876.0,10942.0
2025-11-14,2056.0,14670,3255.0,36920,2832.5,10851.0
2025-11-17,2024.0,14580,3231.0,36725,2798.0,10799.0
2025-11-18,2012.0,14450,3125.0,36770,2749.5,10649.0
2025-11-19,1994.0,14460,3160.0,37450,2781.0,10784.0
2025-11-20,1993.0,14370,3140.0,37400,2778.5,10789.0
2025-11-21,1977.0,14280,3119.0,36875,2765.5,10685.5
2025-11-24,1960.0,14440,3136.5,37475,2776.5,10795.0
2025-11-25,1961.5,14650,3118.0,37900,2787.0,10876.0
2025-11-26,1947.0,14610,3194.0,37995,2822.5,10978.0
2025-11-27,1940.0,14605,3191.0,38400,2804.0,10934.0
2025-11-28,1955.0,14660,3255.0,39125,2826.0,11004.0
2025-12-01,19646.0,14695,3315.0,39000,2860.0,11299.0
2025-12-02,1965.0,14725,3350.5,39250,2858.5,11285.0
2025-12-03,1961.0,14680,3240.5,39950,2854.0,11437.0
2025-12-04,1962.0,14725,3226.0,40295,2854.0,11472.0
2025-12-05,1967.0,14720,3222.0,40300,2865.0,11645.0
2025-12-08,1961.5,14705,3256.0,40450,2867.5,11695.0
2025-12-09,1939.0,14665,3262.0,40125,2832.0,11563.5
2025-12-10,1937.0,14550,3259.0,40660,2836.5,11645.0
2025-12-11,1936.0,14450,3320.0,40550,2864.0,11740.0
2025-12-12,1932.0,14420,3242.0,41905,2845.5,11816.0
2025-12-15,1904.5,14225,3127.0,41105,2841.0,11774.5
2025-12-16,1901.0,14125,3027.0,41100,2833.5,11636.0
2025-12-17,1914.0,14275,3033.5,42150,2851.5,11720.0
2025-12-18,1913.0,14335,3036.0,42950,2852.5,11721.5
2025-12-19,1937.0,14565,3040.0,43725,2896.0,11845.0
2025-12-22,1924.0,14885,3033.5,42700,2898.5,11940.0
2025-12-23,1946.0,15465,3086.5,43600,2916.0,12070.0
2025-12-24,1945.5,15435,3059.5,43155,2932.0,12253.0
2025-12-29,1955.0,15850,3056.0,42900,2913.5,12306.0
2025-12-30,1980.0,16475,3099.0,41625,2945.0,12512.0
2025-12-31,1962.0,16485,3063.5,40900,2968.0,12504.0
2026-01-02,1968.0,16765,3106.0,42050,2986.0,12571.0
2026-01-05,1962.0,16745,3128.0,42250,3022.5,12884.0
2026-01-06,2000.0,17830,3206.5,44200,3093.0,13269.5
2026-01-07,2024.0,18450,3165.0,44675,3092.0,13145.0
2026-01-08,2006.0,16920,3107.0,44400,3081.0,12885.0
2026-01-09,1995.0,17675,3101.5,44525,3180.0,13060.0
2026-01-12,2020.0,17930,3150.0,48200,3185.5,13310.0
2026-01-13,2018.5,17620,3259.5,47825,3194.0,13310.0
2026-01-14,2029.0,18000,3237.5,52650,3221.0,13335.0
2026-01-15,2040.0,17905,3288.5,54200,3174.0,13205.0
2026-01-16,2017.0,17625,3201.5,49425,3147.0,13000.0
2026-01-19,2012.0,18000,3184.0,47475,3168.5,13000.0
2026-01-20,1985.0,17730,3153.0,51050,3137.0,13059.0
2026-01-21,1989.0,17860,3152.5,52150,3114.0,12898.0
2026-01-22,1984.0,17690,3150.5,51300,3093.5,12632.0
2026-01-23,1992.0,18630,3221.0,54200,3175.0,12920.5
2026-01-26,2009.0,18525,3329.0,55005,3192.0,13195.0
2026-01-27,1979.5,18335,3293.0,55400,3166.5,12980.0
2026-01-28,1972.5,18200,3359.0,56400,3259.0,12994.0
2026-01-29,2004.0,18750,3487.0,56600,3325.0,13844.0
2026-01-30,1957.0,17540,3343.5,54000,3110.0,13369.5
2026-02-02,1932.0,16540,3372.0,49600,3042.0,12987.0
2026-02-03,1934.0,17175,3290.0,48600,3103.0,13295.0
2026-02-04,1910.0,17220,3333.5,48300,3047.5,13247.0
2026-02-05,1904.0,16680,3255.0,46700,3014.0,12822.0
2026-02-06,1906.0,16800,3290.0,45845,3045.0,12840.0
2026-02-09,1903.0,17050,3325.5,48110,3083.5,12980.0
2026-02-10,1910.5,16980,3342.0,47975,3063.0,13002.0
2026-02-11,1938.5,17720,3437.0,50350,3098.0,13327.0
2026-02-12,1949.0,17465,3396.0,49500,3117.0,13172.0
2026-02-13,1918.0,16810,3295.0,48300,2996.0,12719.0
2026-02-16,1902.5,16760,3256.0,46295,3037.5,12757.0
2026-02-17,1899.0,16665,3250.0,46000,3014.0,12561.0
2026-02-18,1904.0,16840,3277.0,45950,3035.0,12603.0
2026-02-19,1908.5,16940,3292.0,46045,3026.0,12626.0
2026-02-20,1902.0,17155,3309.0,45500,3053.0,12750.0
2026-02-23,1911.0,17355,3324.0,47500,3070.0,12832.0
2026-02-24,1903.0,17585,3351.0,48905,3077.0,13011.0
2026-02-25,1915.0,17750,3352.0,53000,3107.0,13171.0
2026-02-26,1944.0,17480,3342.0,53600,3121.0,13215.0
2026-02-27,1928.0,17685,3327.0,57425,3157.5,13439.5
2026-03-02,1934.0,17335,3354.0,57200,3226.0,13230.0
2026-03-03,1902.0,17000,3287.0,49700,3269.0,12820.0
2026-03-04,1903.0,17395,3282.0,51425,3378.0,12960.0
2026-03-05,1904.5,17110,3267.0,49850,3298.5,12841.0
2026-03-06,1900.5,17200,3238.0,50400,3385.0,12808.0
2026-03-09,1894.5,17290,3320.0,48275,3406.5,12750.5
2026-03-10,1895.0,17310,3334.0,50005,3402.5,12920.5
2026-03-11,1886.0,17220,3268.0,49900,3467.0,12850.5
2026-03-12,1894.0,17500,3264.0,49725,3516.5,12896.5
2026-03-13,1880.0,17340,3270.0,47950,3520.0,12758.0
2026-03-16,1854.0,17120,3240.0,48000,3440.0,12759.5
2026-03-17,1886.0,17200,3189.0,46805,3426.0,12677.0
2026-03-18,1880.0,16990,3124.0,46295,3400.0,12503.0
2026-03-19,1828.0,16290,3010.0,41700,3200.0,11826.0
2026-03-20,1861.0,16770,3065.5,43700,3329.0,12021.5
2026-03-23,1861.0,16900,3040.0,43425,3251.5,11891.0
2026-03-24,1850.0,16830,3037.0,43750,3242.5,11878.5
2026-03-25,1882.5,17320,3047.0,45525,3294.5,12135.0
2026-03-26,1850.0,17020,3077.0,44400,3332.0,12108.0
2026-03-27,1855.0,17010,3075.0,44850,3292.0,12046.0
2026-03-30,1873.0,17040,3161.0,46850,3482.0,12137.0
2026-03-31,1881.0,16860,3184.5,45610,3585.0,12160.0
2026-04-01,1892.0,17065,3237.0,47795,3583.5,12270.0
2026-04-02,1893.0,16900,3235.0,45250,3505.0,12147.0
2026-04-07,1903.0,16840,3320.0,46025,3600.0,12252.0
2026-04-08,1920.0,17200,3295.0,47895,3520.0,12552.0
2026-04-09,1893.5,17025,3256.0,46725,3494.5,12455.0
2026-04-10,1882.0,17070,3297.0,47975,3526.0,12660.5
2026-04-13,1885.0,17490,3304.5,47705,3665.5,12820.5
2026-04-14,1889.0,17750,3300.0,49500,3625.0,13095.0
2026-04-15,1925.0,18075,3362.0,49955,3581.0,13155.0
2026-04-16,1917.5,18070,3415.0,49700,3678.5,13180.0
2026-04-17,1949.0,18380,3439.0,49675,3660.0,13149.0
2026-04-20,1932.5,17980,3430.0,50250,3590.0,13163.0
2026-04-21,1982.0,18120,3438.0,50850,3613.0,13200.5
2026-04-22,1927.0,18180,3468.0,50125,3652.0,13198.0
2026-04-23,1940.5,18425,3446.0,50250,3642.0,13190.0
2026-04-24,1954.0,18625,3485.0,50250,3685.0,13230.0
2026-04-27,1939.0,19275,3444.5,50300,3662.0,13212.0
2026-04-28,1938.0,19050,3365.0,49260,3600.0,12890.5
2026-04-29,1953.5,19270,3331.0,49800,3604.0,12992.0
2026-04-30,1937.5,19325,3363.0,49550,3525.5,13015.5
2026-05-01,1945.0,19180,3349.0,49200,3584.0,12895.0
2026-05-05,1967.0,19295,3348.0,49800,3632.5,12970.0
2026-05-06,1987.0,19450,3402.0,52465,3597.0,13351.5
2026-05-07,1980.0,18825,3425.0,54550,3559.0,13326.0
2026-05-08,1967.0,18890,3417.0,53910,3560.5,13445.0
2026-05-11,1977.0,18955,3442.0,54975,3655.0,13673.0
2026-05-12,2005.0,18725,3498.0,55425,3639.5,13872.0
2026-05-13,2035.0,19020,3517.0,55750,3729.5,14097.0
2026-05-14,2007.0,18915,3596.0,55800,3768.0,13986.0
2026-05-15,1995.0,18390,3527.0,52900,3635.0,13553.5
2026-05-18,1995.0,18235,3529.0,52400,3637.0,13428.0
2026-05-19,1967.5,18800,3517.0,52800,3665.0,13410.0
2026-05-20,1967.0,18600,3519.0,54200,3644.0,13418.0
2026-05-21,1997.0,18540,3527.5,52800,3720.0,13427.0
2026-05-22,2006.0,18550,3544.5,53900,3706.0,13545.0
2026-05-26,2020.0,18560,3567.0,54575,3759.0,13570.0
2026-05-27,2011.0,18755,3516.0,54700,3738.0,13540.5
2026-05-28,1985.0,18735,3486.0,54900,3735.0,13513.0
2026-05-29,2016.0,18875,3549.0,55010,3769.5,13615.0
2026-06-01,2008.0,19050,3555.0,56400,3795.5,13819.0
2026-06-02,2025.0,19170,3612.0,57525,3855.0,13966.0
2026-06-03,2035.0,18810,3624.5,57110,3797.0,13920.5
2026-06-04,2015.0,18375,3564.0,55600,3739.0,13872.0
2026-06-05,2003.0,18545,3575.0,54000,3736.0,13731.0
2026-06-08,1990.0,18340,3519.0,51850,3669.5,13661.0
2026-06-09,1983.0,17930,3576.0,53060,3608.0,13716.0
2026-06-10,1974.5,17380,3486.0,51750,3489.0,13370.0
2026-06-11,1967.0,17440,3468.0,52395,3498.5,13420.0
2026-06-12,1957.0,17630,3557.0,53350,3536.0,13603.0
2026-06-15,1964.0,17810,3562.0,54650,3419.5,13714.0
2026-06-16,1956.0,17630,3550.0,55150,3359.0,13682.0
2026-06-17,1945.0,17820,3592.0,55400,3405.5,13736.0
2026-06-18,1945.0,17770,3565.0,53455,3402.0,13612.0
2026-06-19,1935.0,17590,3584.5,53200,3400.0,13530.5
2026-06-22,1928.5,17640,3612.5,54995,3405.0,13642.0
2026-06-23,1910.0,17105,3503.0,51900,3263.5,13334.0
2026-06-24,1896.0,16610,3437.0,49550,3150.0,13181.5
2026-06-25,1894.0,16660,3432.0,50100,3132.0,13194.0
2026-06-26,1880.0,16570,3460.0,50325,3164.0,13287.0
2026-06-29,1871.5,16455,3491.0,51000,3160.5,13302.5
2026-06-30,1845.0,16275,3565.5,51100,3105.5,13341.0
2026-07-01,1840.0,16175,3529.0,51150,3075.0,13170.0
2026-07-02,1828.5,16070,3475.0,51200,3061.5,13202.0
2026-07-03,1851.0,16115,3546.0,52000,3080.0,13298.5
2026-07-06,1852.5,16065,3599.0,52525,3105.0,13310.0
2026-07-07,1849.0,16160,3560.0,52900,3119.0,13309.0
2026-07-08,1851.0,16160,3529.0,52350,3141.0,13090.0
2026-07-09,1850.0,16355,3622.0,53450,3164.0,13356.5
2026-07-10,1851.0,16410,3602.0,52575,3156.0,13408.5
2026-07-13,1832.0,16405,3571.0,52705,3138.5,13460.5
2026-07-14,1803.0,16590,3589.5,53900,3171.0,13541.0
2026-07-15,1797.0,16505,3553.5,52705,3153.5,13537.0
2026-07-16,1827.5,17150,3591.0,52860,3170.0,13565.0
2026-07-17,1821.0,16725,3549.0,52045,3154.0,13373.5
2026-07-20,1830.0,16850,3575.0,53300,3156.0,13629.0
2026-07-21,1842.0,16970,3591.0,54100,3183.5,13856.0
2026-07-22,1841.5,16940,3614.0,53900,3205.0,13895.0
2026-07-23,1875.0,17200,3653.0,53800,3194.0,13745.0
2026-07-24,1865.5,17205,3633.0,53250,3175.0,13617.0
2026-07-27,1859.0,17165,3685.5,54250,3192.0,13810.0
2026-07-28,1856.0,16860,3631.5,53600,3159.5,13643.5
2026-07-29,1877.0,17000,3639.0,53990,3207.0,13633.0
2026-07-30,1863.0,16945,3662.0,54125,3231.0,13795.0
2026-07-31,1851.5,17100,3710.5,54660,3196.0,13834.0
2026-08-03,1828.0,16785,3751.0,55200,3260.0,13945.0
2026-08-04,1847.0,17125,3730.0,55700,3271.0,14195.0
2026-08-05,1845.0,16915,3737.0,56225,3229.0,14167.5
2026-08-06,1851.0,16595,3857.0,56500,3261.0,14455.0
2026-08-07,1840.5,16745,3785.0,56100,3279.5,14240.0
2026-08-10,1858.0,16775,3786.0,55900,3327.5,14290.0
2026-08-11,1878.0,16640,3822.0,55305,3373.0,14424.5
2026-08-12,1880.0,16725,3852.0,56050,3307.5,14376.0
2026-08-13,1856.0,16690,3806.0,56150,3279.0,14285.0
2026-08-14,1846.0,16575,3875.0,56075,3248.0,14545.0
2026-08-17,1851.5,16670,3855.0,56225,3272.0,14850.0
2026-08-18,1840.5,16740,3795.0,55550,3219.0,14335.0
2026-08-19,1827.0,16690,3750.0,54375,3191.5,14180.0
2026-08-20,1848.0,16660,3865.5,54850,3182.0,14170.0
2026-08-21,1857.0,16860,3980.0,55900,3227.0,14291.0
2026-08-24,1862.5,16940,3985.0,55900,3215.5,14344.0
2026-08-25,1867.0,16780,3987.0,55700,3188.0,14425.0
2026-08-26,1866.0,16895,4107.0,55300,3227.5,14525.0
2026-08-27,1872.0,16660,4107.0,54950,3212.5,14490.0
2026-08-28,1880.0,16850,4070.0,55125,3222.0,14535.0
2026-09-01,1874.0,16350,4115.0,54725,3261.0,14395.5
2026-09-02,1873.0,16530,4000.0,53950,3255.5,14355.0
2026-09-03,1870.0,16615,3995.5,54450,3303.0,14359.0
2026-09-04,1871.0,16690,4087.0,54525,3292.5,14371.0
2026-09-07,1875.0,16600,4157.0,55100,3310.0,14540.0
2026-09-08,1859.0,16675,4110.0,54900,3325.0,14737.0
2026-09-09,1871.0,16675,4186.0,55000,3352.0,14672.0
2026-09-10,1870.5,16630,4105.0,54750,3343.0,14390.0
2026-09-11,1854.0,16270,4015.0,53755,3274.0,14238.5
2026-09-14,1834.0,16205,3951.0,52200,3311.0,14044.0
2026-09-15,1829.0,16135,3922.0,51800,3260.0,14045.0
2026-09-16,1848.0,16090,3937.0,52310,3310.0,14227.0
2026-09-17,1862.0,16170,3941.0,53000,3303.5,14400.5
2026-09-18,1868.0,16055,4010.0,53600,3285.0,14529.0
2026-09-21,1890.0,16125,4018.0,53785,3262.5,14788.0
2026-09-22,1909.0,16410,4006.0,53745,3242.0,14797.0
2026-09-23,1885.5,16430,3949.0,54050,3240.0,14735.0
2026-09-24,1900.0,16320,3981.0,53875,3228.0,14765.0
2026-09-25,1902.5,16050,4060.0,54025,3254.0,14740.0
2026-09-28,1886.0,16050,3957.0,53750,3248.5,14544.5
2026-09-29,1876.0,15860,3977.0,53950,3225.5,14474.5
2026-09-30,1856.0,15860,3954.0,54075,3204.0,14487.0
2026-10-01,1837.0,15570,3834.0,54400,3120.0,14335.0
2026-10-02,1827.0,15435,3798.0,54355,3109.5,14355.0
